1,Madrid ,3.141.991 ,Comunidad de Madrid ,Flag of the Community of Madrid.svg Comunidad de Madrid,40.4167754,-3.7037902
2,Barcelona ,1.604.555 ,Barcelona ,Flag of Catalonia.svg Cataluña,41.3850639,2.1734035
3,Valencia ,786.189,Valencia ,Flag of the Valencian Community (2x3).svg Comunidad Valenciana,39.4699075,-0.3762881
4,Sevilla ,693.878,Sevilla ,Flag of Andalucía.svg Andalucía,37.3890924,-5.9844589
5,Zaragoza ,664.953,Zaragoza ,Flag of Aragon.svg Aragón,41.6488226,-0.8890853
6,Málaga ,569.13,Málaga ,Flag of Andalucía.svg Andalucía,36.721261,-4.4212655
7,Murcia ,439.889,Región de Murcia ,Flag of the Region of Murcia.svg Murcia,37.9922399,-1.1306544
8,Palma de Mallorca ,400.578,Islas Baleares ,Flag of the Balearic Islands.svg Islas Baleares,39.5696005,2.6501603
9,Las Palmas de Gran Canaria ,379.766,Las Palmas ,Flag of the Canary Islands (simple).svg Canarias,28.1235459,-15.4362574
10,Bilbao ,345.141,Vizcaya ,Flag of the Basque Country.svg País Vasco,43.2630126,-2.9349852
11,Alicante ,328.648,Alicante ,Flag of the Valencian Community (2x3).svg Comunidad Valenciana,38.3459963,-0.4906855
12,Córdoba ,327.362,Córdoba ,Flag of Andalucía.svg Andalucía,37.8881751,-4.7793835
13,Valladolid ,303.905,Valladolid ,Flag of Castile and León.svg Castilla y León,41.652251,-4.724532099999999
14,Vigo ,294.098,Pontevedra ,Flag of Galicia.svg Galicia,42.24059889999999,-8.7207268
15,Gijón ,274.29,Principado de Asturias ,Flag of Asturias.svg Asturias,43.5322015,-5.6611195
16,Hospitalet de Llobregat ,252.171,Barcelona ,Flag of Catalonia.svg Cataluña,41.3661865,2.1164942
17,Vitoria ,243.918,Álava ,Flag of the Basque Country.svg País Vasco,42.8591656,-2.681791800000001
18,La Coruña ,243.87,La Coruña ,Flag of Galicia.svg Galicia,43.3623436,-8.4115401
19,Granada ,237.54,Granada ,Flag of Andalucía.svg Andalucía,37.1773363,-3.5985571
20,Elche ,227.312,Alicante ,Flag of the Valencian Community (2x3).svg Comunidad Valenciana,38.2699329,-0.7125608
21,Oviedo ,221.87,Principado de Asturias ,Flag of Asturias.svg Asturias,43.3619145,-5.8493887
22,Cartagena ,216.301,Región de Murcia ,Flag of Spain.svg Región de Murcia,37.6256827,-0.9965839
23,Badalona ,215.654,Barcelona ,Flag of Catalonia.svg Cataluña,41.4469883,2.2450325
24,Tarrasa ,215.214,Barcelona ,Flag of Catalonia.svg Cataluña,41.563211,2.0088747
25,Jerez de la Frontera ,212.876,Cádiz ,Flag of Andalucía.svg Andalucía,36.6850064,-6.126074399999999
26,Sabadell ,207.814,Barcelona ,Flag of Catalonia.svg Cataluña,41.5462745,2.1086131
27,Móstoles ,206.263,Comunidad de Madrid ,Flag of the Community of Madrid.svg Comunidad de Madrid,40.3232129,-3.8676291
28,Santa Cruz de Tenerife ,203.811,S. C. de Tenerife ,Flag of the Canary Islands (simple).svg Canarias,28.4636296,-16.2518467
29,Alcalá de Henares ,198.75,Comunidad de Madrid ,Flag of the Community of Madrid.svg Comunidad de Madrid,40.4819791,-3.3635421
30,Pamplona ,195.853,Comunidad Foral de Navarra ,Navarra,42.812526,-1.6457745
31,Fuenlabrada ,195.18,Comunidad de Madrid ,Flag of the Community of Madrid.svg Comunidad de Madrid,40.2902056,-3.8035477
32,Almería ,194.203,Almería ,Flag of Andalucía.svg Andalucía,36.834047,-2.4637136
33,Leganés ,186.907,Comunidad de Madrid ,Flag of the Community of Madrid.svg Comunidad de Madrid,40.3319506,-3.7686545
34,San Sebastián ,186.095,Guipúzcoa ,Flag of the Basque Country.svg País Vasco,43.318334,-1.9812313
35,Burgos ,177.1,Burgos ,Flag of Castile and León.svg Castilla y León,42.3439925,-3.696906
36,Getafe ,174.921,Comunidad de Madrid ,Flag of the Community of Madrid.svg Comunidad de Madrid,40.3082504,-3.7323934
37,Santander ,173.957,Cantabria ,Flag of Cantabria (Official).svg Cantabria,43.46230569999999,-3.8099803
38,Albacete ,172.121,Albacete ,Flag of Castile-La Mancha.svg Castilla-La Mancha,38.994349,-1.8585424
39,Castellón de la Plana ,171.669,Castellón ,Flag of the Valencian Community (2x3).svg Comunidad Valenciana,39.9863563,-0.0513246
40,Alcorcón ,167.136,Comunidad de Madrid ,Flag of the Community of Madrid.svg Comunidad de Madrid,40.3468454,-3.8278443
41,San Cristóbal de la Laguna ,152.843,S. C. de Tenerife ,Flag of the Canary Islands (simple).svg Canarias,28.4874009,-16.3159061
42,Logroño ,151.344,La Rioja ,Flag of La Rioja (with coat of arms).svg La Rioja,42.4627195,-2.4449852
43,Badajoz ,149.892,Badajoz ,Flag of Extremadura (with coat of arms).svg Extremadura,38.8794495,-6.9706535
44,Salamanca ,146.438,Salamanca ,Flag of Castile and León.svg Castilla y León,40.9701039,-5.663539699999999
45,Huelva ,146.318,Huelva ,Flag of Andalucía.svg Andalucía,37.261421,-6.9447224
46,Marbella ,139.537,Málaga ,Flag of Andalucía.svg Andalucía,36.510071,-4.8824474
47,Lérida ,138.542,Lérida ,Flag of Catalonia.svg Cataluña,41.6175899,0.6200146
48,Dos Hermanas ,131.317,Sevilla ,Flag of Andalucía.svg Andalucía,37.2865803,-5.924239099999999
49,Tarragona ,131.255,Tarragona ,Flag of Catalonia.svg Cataluña,41.1188827,1.2444909
50,León ,127.817,León ,Flag of Castile and León.svg Castilla y León,42.5987263,-5.5670959
51,Torrejón de Ardoz ,126.934,Comunidad de Madrid ,Flag of the Community of Madrid.svg Comunidad de Madrid,40.4567552,-3.4754967
52,Parla ,125.056,Comunidad de Madrid ,Flag of the Community of Madrid.svg Comunidad de Madrid,40.232367,-3.768906
53,Mataró ,124.867,Barcelona ,Flag of Catalonia.svg Cataluña,41.5381124,2.4447406
54,Cádiz ,120.468,Cádiz ,Flag of Andalucía.svg Andalucía,36.5270612,-6.2885962
55,Algeciras ,118.92,Cádiz ,Flag of Andalucía.svg Andalucía,36.1407591,-5.456233
56,Santa Coloma de Gramanet ,116.95,Barcelona ,Flag of Catalonia.svg Cataluña,41.44458789999999,2.2103217
57,Jaén ,115.395,Jaén ,Flag of Andalucía.svg Andalucía,37.7795941,-3.784905699999999
58,Alcobendas ,113.055,Comunidad de Madrid ,Flag of the Community of Madrid.svg Comunidad de Madrid,40.5372512,-3.637224499999999
59,Orense ,106.231,Orense ,Flag of Galicia.svg Galicia,42.33578929999999,-7.863880999999998
60,Reus ,103.194,Tarragona ,Flag of Catalonia.svg Cataluña,41.1498259,1.1055321
61,Telde ,102.078,Las Palmas ,Flag of the Canary Islands (simple).svg Canarias,27.9955313,-15.4173726
62,Baracaldo ,100.228,Vizcaya ,Flag of the Basque Country.svg País Vasco,43.2969875,-2.9862029
63,Lugo ,98.56,Lugo ,Flag of Galicia.svg Galicia,43.0097384,-7.5567582
64,Gerona ,97.227,Gerona ,Flag of Catalonia.svg Cataluña,41.9794005,2.8214264
65,San Fernando ,96.335,Cádiz ,Flag of Andalucía.svg Andalucía,36.4718646,-6.196594800000001
66,Cáceres ,95.855,Cáceres ,Flag of Extremadura (with coat of arms).svg Extremadura,39.4752765,-6.3724247
67,Santiago de Compostela ,95.8,La Coruña ,Flag of Galicia.svg Galicia,42.8782132,-8.5448445
68,Las Rozas de Madrid ,92.784,Comunidad de Madrid ,Flag of the Community of Madrid.svg Comunidad de Madrid,40.4935329,-3.8757916
69,Lorca ,91.759,Región de Murcia ,Flag of the Region of Murcia.svg Murcia,37.6735925,-1.6968357
70,Roquetas de Mar ,91.682,Almería ,Flag of Andalucía.svg Andalucía,36.7636819,-2.6154266
71,Torrevieja ,91.415,Alicante ,Flag of the Valencian Community (2x3).svg Comunidad Valenciana,37.9847003,-0.6808233
72,Coslada ,88.847,Comunidad de Madrid ,Flag of the Community of Madrid.svg Comunidad de Madrid,40.4260459,-3.5651646
73,El Puerto de Santa María ,88.7,Cádiz ,Flag of Andalucía.svg Andalucía,36.600595,-6.2329094
74,San Cugat del Vallés ,87.118,Barcelona ,Flag of Catalonia.svg Cataluña,41.4526016,2.0763253
75,Talavera de la Reina ,86.779,Toledo ,Flag of Castile-La Mancha.svg Castilla-La Mancha,39.962884,-4.830453599999999
76,Cornellá de Llobregat ,86.234,Barcelona ,Flag of Catalonia.svg Cataluña,41.3573827,2.0707159
77,Ceuta ,84.963,Ceuta ,Ceuta,35.8893874,-5.3213455
78,Melilla ,84.509,Melilla ,Flag of Melilla.svg Melilla,35.2922775,-2.9380973
79,Pozuelo de Alarcón ,84.36,Comunidad de Madrid ,Flag of the Community of Madrid.svg Comunidad de Madrid,40.4475272,-3.8074152
80,El Ejido ,84.144,Almería ,Flag of Andalucía.svg Andalucía,36.7731148,-2.8103551
81,Guadalajara ,83.72,Guadalajara ,Flag of Castile-La Mancha.svg Castilla-La Mancha,40.632489,-3.16017
82,Orihuela ,83.417,Alicante ,Flag of the Valencian Community (2x3).svg Comunidad Valenciana,38.08555279999999,-0.9480050999999999
83,Toledo ,83.334,Toledo ,Flag of Castile-La Mancha.svg Castilla-La Mancha,39.8628316,-4.027323099999999
84,San Sebastián de los Reyes ,83.329,Comunidad de Madrid ,Flag of the Community of Madrid.svg Comunidad de Madrid,40.5589672,-3.6261976
85,San Baudilio de Llobregat ,83.107,Barcelona ,Flag of Catalonia.svg Cataluña,41.3458447,2.0350751
86,Pontevedra ,82.946,Pontevedra ,Flag of Galicia.svg Galicia,42.4298846,-8.6446202
87,Chiclana de la Frontera ,82.298,Cádiz ,Flag of Andalucía.svg Andalucía,36.4165052,-6.1461102
88,Avilés ,81.659,Principado de Asturias ,Flag of Asturias.svg Asturias,43.5579523,-5.9246653
89,Torrente ,80.551,Valencia ,Flag of the Valencian Community (2x3).svg Comunidad Valenciana,39.4322368,-0.472373
90,Rivas-Vaciamadrid ,80.483,Comunidad de Madrid ,Flag of the Community of Madrid.svg Comunidad de Madrid,40.3519065,-3.5357334
91,Palencia ,80.178,Palencia ,Flag of Castile and León.svg Castilla y León,42.0096857,-4.5288016
92,Arona ,79.89,S. C. de Tenerife ,Flag of the Canary Islands (simple).svg Canarias,28.0999496,-16.679977
93,Guecho ,79.544,Vizcaya ,Flag of the Basque Country.svg País Vasco,43.3622858,-3.0125674
94,Vélez-Málaga ,77.808,Málaga ,Flag of Andalucía.svg Andalucía,36.7799228,-4.1005589
95,Mijas ,77.521,Málaga ,Flag of Andalucía.svg Andalucía,36.5967755,-4.6323067
96,Gandía ,76.497,Valencia ,Flag of the Valencian Community (2x3).svg Comunidad Valenciana,38.968032,-0.1844671
97,Fuengirola ,75.856,Málaga ,Flag of Andalucía.svg Andalucía,36.544148,-4.624943900000001
98,Manresa ,75.297,Barcelona ,Flag of Catalonia.svg Cataluña,41.7292826,1.8225154
99,Ciudad Real ,74.96,Ciudad Real ,Flag of Castile-La Mancha.svg Castilla-La Mancha,38.9848295,-3.927377799999999
100,Alcalá de Guadaíra ,74.404,Sevilla ,Flag of Andalucía.svg Andalucía,37.3397234,-5.8416716
101,Rubí ,74.353,Barcelona ,Flag of Catalonia.svg Cataluña,41.4971174,2.0349243
102,Valdemoro ,72.265,Comunidad de Madrid ,Flag of the Community of Madrid.svg Comunidad de Madrid,40.1912403,-3.6740182
103,Ferrol ,70.389,La Coruña ,Flag of Galicia.svg Galicia,43.48964600000001,-8.2193451
104,Majadahonda ,70.359,Comunidad de Madrid ,Flag of the Community of Madrid.svg Comunidad de Madrid,40.4737586,-3.8683123
105,Benidorm ,69.01,Alicante ,Flag of the Valencian Community (2x3).svg Comunidad Valenciana,38.5410566,-0.1224937
106,Molina de Segura ,68.775,Región de Murcia ,Flag of the Region of Murcia.svg Murcia,38.05168099999999,-1.2073261
107,Santa Lucía de Tirajana ,68.544,Las Palmas ,Flag of the Canary Islands (simple).svg Canarias,27.9101389,-15.5401365
108,Sanlúcar de Barrameda ,67.385,Cádiz ,Flag of Andalucía.svg Andalucía,36.7725774,-6.3529689
109,Ponferrada ,67.367,León ,Flag of Castile and León.svg Castilla y León,42.5499958,-6.598259000000001
110,Torremolinos ,67.353,Málaga ,Flag of Andalucía.svg Andalucía,36.6225541,-4.4994767
111,Paterna ,67.156,Valencia ,Flag of the Valencian Community (2x3).svg Comunidad Valenciana,39.5037093,-0.4431618
112,Benalmádena ,66.939,Málaga ,Flag of Andalucía.svg Andalucía,36.5987966,-4.5168056
113,Estepona ,66.566,Málaga ,Flag of Andalucía.svg Andalucía,36.4256345,-5.1510261
114,Villanueva y Geltrú ,65.941,Barcelona ,Flag of Catalonia.svg Cataluña,41.2151504,1.727446
115,Viladecans ,65.358,Barcelona ,Flag of Catalonia.svg Cataluña,41.315296,2.0133208
116,Sagunto ,65.003,Valencia ,Flag of the Valencian Community (2x3).svg Comunidad Valenciana,39.6798633,-0.2784385
117,Zamora ,64.423,Zamora ,Flag of Castile and León.svg Castilla y León,41.5034712,-5.7467879
118,Casteldefels ,63.255,Barcelona ,Flag of Catalonia.svg Cataluña,41.2790599,1.9734743
119,La Línea de la Concepción ,63.132,Cádiz ,Flag of Andalucía.svg Andalucía,36.1927346,-5.3468563
120,El Prat de Llobregat ,62.866,Barcelona ,Flag of Catalonia.svg Cataluña,41.3245953,2.0934902
121,Collado Villalba ,62.587,Comunidad de Madrid ,Flag of the Community of Madrid.svg Comunidad de Madrid,40.6308775,-4.0055605
122,Irún ,61.195,Guipúzcoa ,Flag of the Basque Country.svg País Vasco,43.3381465,-1.7888495
123,Motril ,60.87,Granada ,Flag of Andalucía.svg Andalucía,36.7489747,-3.5180363
124,Linares ,60.29,Jaén ,Flag of Andalucía.svg Andalucía,38.09690980000001,-3.6369803
125,Granollers ,59.93,Barcelona ,Flag of Catalonia.svg Cataluña,41.60619270000001,2.2870889
126,Alcoy ,59.675,Alicante ,Flag of the Valencian Community (2x3).svg Comunidad Valenciana,38.6987066,-0.4810937
127,Mérida ,58.985,Badajoz ,Flag of Extremadura (with coat of arms).svg Extremadura,38.9191439,-6.3408055
128,Ávila ,58.933,Ávila ,Flag of Castile and León.svg Castilla y León,40.656685,-4.6812086
129,Aranjuez ,57.792,Comunidad de Madrid ,Flag of the Community of Madrid.svg Comunidad de Madrid,40.0305018,-3.6040527
130,Sardañola del Vallés ,57.402,Barcelona ,Flag of Catalonia.svg Cataluña,41.4900419,2.1396748
131,Arrecife ,56.88,Las Palmas ,Flag of the Canary Islands (simple).svg Canarias,28.9651694,-13.5550363
132,San Vicente del Raspeig ,55.946,Alicante ,Flag of the Valencian Community (2x3).svg Comunidad Valenciana,38.3964181,-0.5248710999999999
133,Cuenca ,55.738,Cuenca ,Flag of Castile-La Mancha.svg Castilla-La Mancha,40.0703925,-2.1374162
134,Arganda del Rey ,55.307,Comunidad de Madrid ,Flag of the Community of Madrid.svg Comunidad de Madrid,40.3064463,-3.4479063
135,S. Bartolomé de Tirajana ,54.377,Las Palmas ,Flag of the Canary Islands (simple).svg Canarias,27.9249459,-15.5730295
136,Torrelavega ,54.196,Cantabria ,Flag of Cantabria (Official).svg Cantabria,43.3488503,-4.050150500000001
137,Elda ,53.54,Alicante ,Flag of the Valencian Community (2x3).svg Comunidad Valenciana,38.4765073,-0.7964597
138,Segovia ,53.26,Segovia ,Flag of Castile and León.svg Castilla y León,40.9429032,-4.108806899999999
139,Huesca ,52.555,Huesca ,Flag of Aragon.svg Aragón,42.131845,-0.4078058
140,Utrera ,52.437,Sevilla ,Flag of Andalucía.svg Andalucía,37.1848134,-5.7795147
141,Siero ,52.38,Principado de Asturias ,Flag of Asturias.svg Asturias,43.3915032,-5.6608158
142,Mollet del Vallés ,51.719,Barcelona ,Flag of Catalonia.svg Cataluña,41.542551,2.2113698
143,Villarreal ,50.755,Castellón ,Flag of the Valencian Community (2x3).svg Comunidad Valenciana,39.9397706,-0.1005932
144,Puertollano ,50.608,Ciudad Real ,Flag of Castile-La Mancha.svg Castilla-La Mancha,38.6884458,-4.1078877
145,Calviá ,50.363,Islas Baleares ,Flag of the Balearic Islands.svg Islas Baleares,39.5626346,2.5197932
146,Ibiza ,49.693,Islas Baleares ,Flag of the Balearic Islands.svg Islas Baleares,38.9067339,1.4205983
147,Boadilla del Monte ,47.852,Comunidad de Madrid ,Flag of the Community of Madrid.svg Comunidad de Madrid,40.4122794,-3.8887699
148,Pinto ,47.594,Comunidad de Madrid ,Flag of the Community of Madrid.svg Comunidad de Madrid,40.2375052,-3.6967718
149,Colmenar Viejo ,47.445,Comunidad de Madrid ,Flag of the Community of Madrid.svg Comunidad de Madrid,40.6626481,-3.7710457
150,Portugalete ,47.117,Vizcaya ,Flag of the Basque Country.svg País Vasco,43.3182479,-3.0211969
151,Adeje ,46.667,S. C. de Tenerife ,Flag of the Canary Islands (simple).svg Canarias,28.1220604,-16.7338211
152,Santurce ,46.651,Vizcaya ,Flag of the Basque Country.svg País Vasco,43.328128,-3.0336586
153,Gavá ,46.326,Barcelona ,Flag of Catalonia.svg Cataluña,41.2987914,1.9930466
154,Esplugas de Llobregat ,46.133,Barcelona ,Flag of Catalonia.svg Cataluña,41.3772561,2.0910377
155,Figueras ,45.444,Gerona ,Flag of Catalonia.svg Cataluña,42.26550659999999,2.9581046
156,Alcira ,44.518,Valencia ,Flag of the Valencian Community (2x3).svg Comunidad Valenciana,39.1511854,-0.4333643
157,Denia ,44.455,Alicante ,Flag of the Valencian Community (2x3).svg Comunidad Valenciana,38.8387992,0.1050557
158,Mislata ,43.8,Valencia ,Flag of the Valencian Community (2x3).svg Comunidad Valenciana,39.4766346,-0.4184093
159,San Feliú de Llobregat ,43.671,Barcelona ,Flag of Catalonia.svg Cataluña,41.3979911,2.0518154
160,Langreo ,43.647,Principado de Asturias ,Flag of Asturias.svg Asturias,43.3081128,-5.6960562
161,Mairena del Aljarafe ,42.784,Sevilla ,Flag of Andalucía.svg Andalucía,37.350923,-6.0520363
162,Lucena ,42.592,Córdoba ,Flag of Andalucía.svg Andalucía,37.4129332,-4.4961008
163,Granadilla de Abona ,42.545,S. C. de Tenerife ,Flag of the Canary Islands (simple).svg Canarias,28.1222699,-16.5768911
164,Mieres ,42.421,Principado de Asturias ,Flag of Asturias.svg Asturias,43.24971900000001,-5.778528199999999
165,Basauri ,41.971,Vizcaya ,Flag of the Basque Country.svg País Vasco,43.2353175,-2.8912652
166,Antequera ,41.827,Málaga ,Flag of Andalucía.svg Andalucía,37.020001,-4.5593676
167,La Orotava ,41.726,S. C. de Tenerife ,Flag of the Canary Islands.svg Canarias,28.3913534,-16.5238744
168,Alcantarilla ,41.381,Región de Murcia ,Flag of the Region of Murcia.svg Murcia,37.9695167,-1.2193422
169,San Fernando de Henares ,41.376,Comunidad de Madrid ,Flag of the Community of Madrid.svg Comunidad de Madrid,40.4256038,-3.5318722
170,Puerto Real ,41.364,Cádiz ,Flag of Andalucía.svg Andalucía,36.5316485,-6.1831947
171,Tres Cantos ,41.302,Comunidad de Madrid ,Flag of the Community of Madrid.svg Comunidad de Madrid,40.600727,-3.7079745
172,Rincón de la Victoria ,41.216,Málaga ,Flag of Andalucía.svg Andalucía,36.7176779,-4.280396
173,Vich ,41.191,Barcelona ,Flag of Catalonia.svg Cataluña,41.9304373,2.2544335
174,Plasencia ,41.002,Cáceres ,Flag of Extremadura (with coat of arms).svg Extremadura,40.04209549999999,-6.0838065
175,Lloret de Mar ,40.837,Gerona ,Flag of Catalonia.svg Cataluña,41.7005989,2.8398194
176,Manacor ,40.831,Islas Baleares ,Flag of the Balearic Islands.svg Islas Baleares,39.5697165,3.2095318
177,Écija ,40.683,Sevilla ,Flag of Andalucía.svg Andalucía,37.5414656,-5.0826742
178,Soria ,40.147,Soria ,Flag of Castile and León.svg Castilla y León,41.7665972,-2.4790306
179,Blanes ,39.785,Gerona ,Flag of Catalonia.svg Cataluña,41.6759954,2.7902289
180,Rentería ,39.324,Guipúzcoa ,Flag of the Basque Country.svg País Vasco,43.3081107,-1.8912823
181,Narón ,39.238,La Coruña ,Flag of Galicia.svg Galicia,43.5012892,-8.192374299999999
182,Igualada ,39.198,Barcelona ,Flag of Catalonia.svg Cataluña,41.5847817,1.6226538
183,Tomelloso ,39.093,Ciudad Real ,Flag of Castile-La Mancha.svg Castilla-La Mancha,39.15837450000001,-3.0214475
184,Villafranca del Panadés ,39.035,Barcelona ,Flag of Catalonia.svg Cataluña,41.3461265,1.6979398
185,Andújar ,39.008,Jaén ,Flag of Andalucía.svg Andalucía,38.03849,-4.0516619
186,Miranda de Ebro ,38.4,Burgos ,Flag of Castile and León.svg Castilla y León,42.6869753,-2.945068
187,Burjasot ,38.175,Valencia ,Flag of the Valencian Community (2x3).svg Comunidad Valenciana,39.5096699,-0.4135963
188,Los Realejos ,38.028,S. C. de Tenerife ,Flag of the Canary Islands (simple).svg Canarias,28.3854734,-16.5841956
189,Los Palacios y Villafranca ,37.741,Sevilla ,Flag of Andalucía.svg Andalucía,37.1584636,-5.9244808
190,Villagarcía de Arosa ,37.621,Pontevedra ,Flag of Galicia.svg Galicia,42.5953513,-8.7659082
191,La Rinconada ,37.58,Sevilla ,Flag of Andalucía.svg Andalucía,37.4872681,-5.9816424
192,Onteniente ,37.54,Valencia ,Flag of the Valencian Community (2x3).svg Comunidad Valenciana,38.8220593,-0.6063927
193,Ripollet ,37.348,Barcelona ,Flag of Catalonia.svg Cataluña,41.49845,2.1569325
194,Lluchmayor ,36.959,Islas Baleares ,Flag of the Balearic Islands.svg Islas Baleares,39.49084390000001,2.8916657
195,Arucas ,36.872,Las Palmas ,Flag of the Canary Islands (simple).svg Canarias,28.1201412,-15.5210607
196,Ronda ,36.793,Málaga ,Flag of Andalucía.svg Andalucía,36.746209,-5.161225099999999
197,Alhaurín de la Torre ,36.73,Málaga ,Flag of Andalucía.svg Andalucía,36.6598945,-4.5598636
198,Don Benito ,36.48,Badajoz ,Flag of Extremadura (with coat of arms).svg Extremadura,38.954463,-5.8618982
199,Vendrell ,36.453,Tarragona ,Flag of Catalonia.svg Cataluña,41.2006621,1.5111806
200,Úbeda ,35.866,Jaén ,Flag of Andalucía.svg Andalucía,38.0114236,-3.3712457
201,Puerto del Rosario ,35.664,Las Palmas ,Flag of the Canary Islands (simple).svg Canarias,28.500821,-13.8628367
202,Mazarrón ,35.473,Región de Murcia ,Flag of the Region of Murcia.svg Murcia,37.5958175,-1.3147353
203,Burriana ,35.433,Castellón ,Flag of the Valencian Community (2x3).svg Comunidad Valenciana,39.8895925,-0.0848302
204,Tudela ,35.429,Comunidad Foral de Navarra ,Navarra,42.0613816,-1.6063169
205,Cieza ,35.425,Región de Murcia ,Flag of the Region of Murcia.svg Murcia,38.2420912,-1.4217274
206,Teruel ,35.288,Teruel ,Flag of Aragon.svg Aragón,40.3456879,-1.1064345
207,Águilas ,34.99,Región de Murcia ,Flag of the Region of Murcia.svg Murcia,37.4117554,-1.5827678
208,Villena ,34.966,Alicante ,Flag of the Valencian Community (2x3).svg Comunidad Valenciana,38.6318196,-0.8612206
209,Yecla ,34.813,Región de Murcia ,Flag of the Region of Murcia.svg Murcia,38.6122134,-1.110112
210,Petrel ,34.726,Alicante ,Flag of the Valencian Community (2x3).svg Comunidad Valenciana,38.4807333,-0.7719037
211,Tortosa ,34.432,Tarragona ,Flag of Catalonia.svg Cataluña,40.8125777,0.5214423
212,Marrachí ,34.385,Islas Baleares ,Flag of the Balearic Islands.svg Islas Baleares,39.627193,2.7572077
213,Almendralejo ,35.014,Badajoz ,Flag of Extremadura (with coat of arms).svg Extremadura,38.6914575,-6.4058423
214,Moncada y Reixach ,34.232,Barcelona ,Flag of Catalonia.svg Cataluña,41.4931546,2.181871000000001
215,Azuqueca de Henares ,34.195,Guadalajara ,Flag of Castile-La Mancha.svg Castilla-La Mancha,40.5648765,-3.2680616
216,San Adrián de Besós ,34.157,Barcelona ,Flag of Catalonia.svg Cataluña,41.4223872,2.2212071
217,Oleiros ,34.133,La Coruña ,Flag of Galicia.svg Galicia,43.33270590000001,-8.3157003
218,Santa Eulalia del Río ,33.734,Islas Baleares ,Flag of the Balearic Islands.svg Islas Baleares,38.98333299999999,1.516667
219,Olot ,33.725,Gerona ,Flag of Catalonia.svg Cataluña,42.18220780000001,2.4880242
220,Santa Pola ,33.372,Alicante ,Flag of the Valencian Community (2x3).svg Comunidad Valenciana,38.1965614,-0.5612438
221,Aranda de Duero ,33.229,Burgos ,Flag of Castile and León.svg Castilla y León,41.6692282,-3.6902166
222,Torre Pacheco ,33.218,Región de Murcia ,Flag of the Region of Murcia.svg Murcia,37.7442385,-0.9536260999999998
223,Cambrils ,33.008,Tarragona ,Flag of Catalonia.svg Cataluña,41.0666754,1.0603606
224,Vall de Uxó ,32.864,Castellón ,Flag of the Valencian Community (2x3).svg Comunidad Valenciana,39.8242386,-0.2315018
225,Puerto de la Cruz ,32.817,S. C. de Tenerife ,Flag of the Canary Islands (simple).svg Canarias,28.411413,-16.5449611
226,Villajoyosa ,32.733,Alicante ,Flag of the Valencian Community (2x3).svg Comunidad Valenciana,38.5079606,-0.2285807
227,Galapagar ,32.575,Comunidad de Madrid ,Flag of the Community of Madrid.svg Comunidad de Madrid,40.5768377,-4.005802699999999
228,Jávea ,32.469,Alicante ,Flag of the Valencian Community (2x3).svg Comunidad Valenciana,38.7890109,0.1660813
229,San Juan Despí ,32.406,Barcelona ,Flag of Catalonia.svg Cataluña,41.365393,2.0542658
230,Castro-Urdiales ,32.374,Cantabria ,Flag of Cantabria (Official).svg Cantabria,43.3688221,-3.2156354
231,San Javier ,32.366,Región de Murcia ,Flag of the Region of Murcia.svg Murcia,37.8054749,-0.8379313
232,Barberá del Vallés ,32.033,Barcelona ,Flag of Catalonia.svg Cataluña,41.5136208,2.1255553
233,Alcázar de San Juan ,31.652,Ciudad Real ,Flag of Castile-La Mancha.svg Castilla-La Mancha,39.3900748,-3.2100984
234,San Andrés del Rabanedo ,31.562,León ,Flag of Castile and León.svg Castilla y León,42.6112686,-5.617545000000001
235,Camargo ,31.556,Cantabria ,Flag of Cantabria (Official).svg Cantabria,43.4047027,-3.8846224
236,Arcos de la Frontera ,31.496,Cádiz ,Flag of Andalucía.svg Andalucía,36.7560042,-5.8116522
237,Carballo ,31.303,La Coruña ,Flag of Galicia.svg Galicia,43.2128217,-8.691526399999999
238,Hellín ,31.199,Albacete ,Flag of Castile-La Mancha.svg Castilla-La Mancha,38.5068902,-1.6979398
239,Valdepeñas ,31.141,Ciudad Real ,Flag of Castile-La Mancha.svg Castilla-La Mancha,38.760524,-3.3876074
240,Manises ,30.747,Valencia ,Flag of the Valencian Community (2x3).svg Comunidad Valenciana,39.4937868,-0.4635382999999999
241,Aldaya ,30.645,Valencia ,Flag of the Valencian Community (2x3).svg Comunidad Valenciana,39.4595217,-0.4927134
242,Arteijo ,30.482,La Coruña ,Flag of Galicia.svg Galicia,43.303707,-8.5102275
243,Lejona ,30.454,Vizcaya ,Flag of the Basque Country.svg País Vasco,43.32670359999999,-2.990057
244,Puente Genil ,30.424,Córdoba ,Flag of Andalucía.svg Andalucía,37.3909975,-4.7665698
245,Chirivella ,30.405,Valencia ,Flag of the Valencian Community (2x3).svg Comunidad Valenciana,39.4597817,-0.4266584
246,Salt ,30.389,Gerona ,Flag of Catalonia.svg Cataluña,41.9726971,2.791944
247,Alacuás ,30.235,Valencia ,Flag of the Valencian Community (2x3).svg Comunidad Valenciana,39.4518434,-0.4714694
248,Coria del Río ,30.208,Sevilla ,Flag of Andalucía.svg Andalucía,37.2882628,-6.0533598
249,Redondela ,30.006,Pontevedra ,Flag of Galicia.svg Galicia,42.2818519,-8.609170299999999
250,Inca ,29.966,Islas Baleares ,Flag of the Balearic Islands.svg Islas Baleares,39.71777429999999,2.9075475
251,San Roque ,29.965,Cádiz ,Flag of Andalucía.svg Andalucía,36.2104615,-5.384431699999999
252,Totana ,29.961,Región de Murcia ,Flag of the Region of Murcia.svg Murcia,37.7700655,-1.4990814
253,Ingenio ,29.871,Las Palmas ,Flag of the Canary Islands (simple).svg Canarias,27.9182821,-15.4331746
254,Agüimes ,29.767,Las Palmas ,Flag of the Canary Islands (simple).svg Canarias,27.9018327,-15.4463485
255,Calpe ,29.718,Alicante ,Flag of the Valencian Community (2x3).svg Comunidad Valenciana,38.6436469,0.04568759999999999
256,Játiva ,29.469,Valencia ,Flag of the Valencian Community (2x3).svg Comunidad Valenciana,38.9899566,-0.5235474
257,Ciudadela ,29.315,Islas Baleares ,Flag of the Balearic Islands.svg Islas Baleares,40.01987099999999,3.809256999999999
258,Níjar ,29.284,Almería ,Flag of Andalucía.svg Andalucía,36.96593060000001,-2.2067723
259,Culleredo ,29.207,La Coruña ,Flag of Galicia.svg Galicia,43.2882033,-8.389602
260,Rota ,29.125,Cádiz ,Flag of Andalucía.svg Andalucía,36.6236874,-6.3601441
261,Galdácano ,29.049,Vizcaya ,Flag of the Basque Country.svg País Vasco,43.2313783,-2.8447524
262,Sueca ,28.986,Valencia ,Flag of the Valencian Community (2x3).svg Comunidad Valenciana,39.2033565,-0.3113278
263,Sestao ,28.959,Vizcaya ,Flag of the Basque Country.svg País Vasco,43.3093903,-3.0072372
264,Mahón ,28.942,Islas Baleares ,Flag of the Balearic Islands.svg Islas Baleares,39.8873296,4.259619499999999
265,Ames ,28.852,La Coruña ,Flag of Galicia.svg Galicia,42.9038027,-8.6583677
266,San Pedro de Ribas ,28.783,Barcelona ,Flag of Catalonia.svg Cataluña,41.2570604,1.7830973
267,Carmona ,28.679,Sevilla ,Flag of Andalucía.svg Andalucía,37.471274,-5.6418214
268,Sitges ,28.617,Barcelona ,Flag of Catalonia.svg Cataluña,41.2371851,1.805886
269,Vinaroz ,28.508,Castellón ,Flag of the Valencian Community (2x3).svg Comunidad Valenciana,40.4679855,0.4747301
270,Morón de la Frontera ,28.489,Sevilla ,Flag of Andalucía.svg Andalucía,37.1211901,-5.4541928
271,Oliva ,28.4,Valencia ,Flag of the Valencian Community (2x3).svg Comunidad Valenciana,38.9223758,-0.1237623
272,Crevillente ,28.362,Alicante ,Flag of the Valencian Community (2x3).svg Comunidad Valenciana,38.2446844,-0.8113636
273,Premiá de Mar ,28.31,Barcelona ,Flag of Catalonia.svg Cataluña,41.4946642,2.3591531
274,Algemesí ,28.293,Valencia ,Flag of the Valencian Community (2x3).svg Comunidad Valenciana,39.1925693,-0.4337304
275,Durango ,28.226,Vizcaya ,Flag of the Basque Country.svg País Vasco,43.1711864,-2.6313339
276,San Vicente dels Horts ,28.137,Barcelona ,Flag of Catalonia.svg Cataluña,41.3898442,2.0035906
277,Almuñécar ,27.754,Granada ,Flag of Andalucía.svg Andalucía,36.734473,-3.6890198
278,Riveira ,27.699,La Coruña ,Flag of Galicia.svg Galicia,42.5540645,-8.9922481
279,Martorell ,27.457,Barcelona ,Flag of Catalonia.svg Cataluña,41.4795041,1.923048
280,Éibar ,27.396,Guipúzcoa ,Flag of the Basque Country.svg País Vasco,43.1965437,-2.4703057
281,Campello ,27.345,Alicante ,Flag of the Valencian Community (2x3).svg Comunidad Valenciana,40.516667,-0.09999999999999999
282,Catarroja ,27.33,Valencia ,Flag of the Valencian Community (2x3).svg Comunidad Valenciana,39.4038783,-0.4034584
283,Lepe ,27.241,Huelva ,Flag of Andalucía.svg Andalucía,37.2571539,-7.2032754
284,San Andrés de la Barca ,27.094,Barcelona ,Flag of Catalonia.svg Cataluña,41.4470397,1.9728289
285,Lebrija ,27.029,Sevilla ,Flag of Andalucía.svg Andalucía,36.9197889,-6.0758624
286,Novelda ,26.873,Alicante ,Flag of the Valencian Community (2x3).svg Comunidad Valenciana,38.3841032,-0.7668469
287,Villaviciosa de Odón ,26.646,Comunidad de Madrid ,Flag of the Community of Madrid.svg Comunidad de Madrid,40.3626807,-3.9139109
288,Benicarló ,26.553,Castellón ,Flag of the Valencian Community (2x3).svg Comunidad Valenciana,40.4126493,0.4243013
289,Villarrobledo ,26.485,Albacete ,Flag of Castile-La Mancha.svg Castilla-La Mancha,39.2683154,-2.6015635
290,Caravaca de la Cruz ,26.438,Región de Murcia ,Flag of the Region of Murcia.svg Murcia,38.1041892,-1.8609152
291,Camas ,26.292,Sevilla ,Flag of Andalucía.svg Andalucía,37.401173,-6.0321884
292,Salou ,26.193,Tarragona ,Flag of Catalonia.svg Cataluña,41.0777581,1.1315203
293,Cangas de Morrazo ,26.121,Pontevedra ,Flag of Galicia.svg Galicia,42.2645845,-8.7809282
294,Villanueva de la Serena ,26.071,Badajoz ,Flag of Extremadura (with coat of arms).svg Extremadura,38.97357520000001,-5.7997323
295,Pineda de Mar ,26.04,Barcelona ,Flag of Catalonia.svg Cataluña,41.62451009999999,2.6827579
296,Candelaria ,25.957,S.C. de Tenerife ,Flag of the Canary Islands (simple).svg Canarias,28.3556768,-16.3717183
297,Almazora ,25.945,Castellón ,Flag of the Valencian Community (2x3).svg Comunidad Valenciana,39.9478425,-0.0629989
298,Jumilla ,25.926,Región de Murcia ,Flag of the Region of Murcia.svg Murcia,38.4763532,-1.3221865
299,Marín ,25.864,Pontevedra ,Flag of Galicia.svg Galicia,42.3914848,-8.7020824
300,Onda ,25.704,Castellón ,Flag of the Valencian Community (2x3).svg Comunidad Valenciana,39.96512999999999,-0.2625949
301,Cuart de Poblet ,25.449,Valencia ,Flag of the Valencian Community (2x3).svg Comunidad Valenciana,39.4697936,-0.5116066
302,Almansa ,25.432,Albacete ,Flag of Castile-La Mancha.svg Castilla-La Mancha,38.8702789,-1.0993366
303,Santa Perpetua de Moguda ,25.331,Barcelona ,Flag of Catalonia.svg Cataluña,41.5356682,2.1794136
304,Valls ,25.016,Tarragona ,Flag of Catalonia.svg Cataluña,41.2854449,1.2494589
305,Calafell ,24.984,Tarragona ,Flag of Catalonia.svg Cataluña,41.1938386,1.5664556
306,Calahorra ,24.839,La Rioja ,Flag of La Rioja (with coat of arms).svg La Rioja,42.3073551,-1.9673133
307,Martos ,24.739,Jaén ,Flag of Andalucía.svg Andalucía,37.7182399,-3.9699874
308,Navalcarnero ,24.613,Comunidad de Madrid ,Flag of the Community of Madrid.svg Comunidad de Madrid,40.285599,-4.0166526
309,Molins de Rey ,24.572,Barcelona ,Flag of Catalonia.svg Cataluña,41.4134488,2.0182425
310,Adra ,24.512,Almería ,Flag of Andalucía.svg Andalucía,36.7479022,-3.0163202
311,Paiporta ,24.506,Valencia ,Flag of the Valencian Community (2x3).svg Comunidad Valenciana,39.4274468,-0.4184093
312,Gáldar ,24.361,Las Palmas ,Flag of the Canary Islands (simple).svg Canarias,28.1463501,-15.6515167
313,Erandio ,24.262,Vizcaya ,Flag of the Basque Country.svg País Vasco,43.3028593,-2.9756534
314,Icod de los Vinos ,24.147,S.C. de Tenerife ,Flag of the Canary Islands (simple).svg Canarias,28.3671432,-16.7137571
315,San Pedro del Pinatar ,24.093,Región de Murcia ,Flag of the Region of Murcia.svg Murcia,37.8354703,-0.7913131
316,Altea ,24.056,Alicante ,Flag of the Valencian Community (2x3).svg Comunidad Valenciana,38.6029075,-0.0450666
317,Olesa de Montserrat ,23.924,Barcelona ,Flag of Catalonia.svg Cataluña,41.5451695,1.8913371
318,Montilla ,23.87,Córdoba ,Flag of Andalucía.svg Andalucía,37.5877237,-4.637286599999999
319,Alhaurín el Grande ,23.807,Málaga ,Flag of Andalucía.svg Andalucía,36.6428298,-4.6876707
320,Tacoronte ,23.699,S.C. de Tenerife ,Flag of the Canary Islands (simple).svg Canarias,28.4797948,-16.4133213
321,San José ,23.688,Islas Baleares ,Flag of the Balearic Islands.svg Islas Baleares,36.7619796,-2.109435
322,Ibi ,23.683,Alicante ,Flag of the Valencian Community (2x3).svg Comunidad Valenciana,38.6212635,-0.5776167
323,Piélagos ,23.672,Cantabria ,Flag of Cantabria.svg Cantabria,43.38727189999999,-3.9368439
324,Tomares ,23.661,Sevilla ,Flag of Andalucía.svg Andalucía,37.375855,-6.0450059
325,Vícar ,23.656,Almería ,Flag of Andalucía.svg Andalucía,36.8314423,-2.6418821
326,Cambre ,23.649,La Coruña ,Flag of Galicia.svg Galicia,43.2926146,-8.3422786
327,Illescas ,23.627,Toledo ,Flag of Castile-La Mancha.svg Castilla-La Mancha,40.1262812,-3.8489895
328,Puenteareas ,23.561,Pontevedra ,Flag of Galicia.svg Galicia,42.1756174,-8.5064757
329,Priego de Córdoba ,23.528,Córdoba ,Flag of Andalucía.svg Andalucía,37.437791,-4.1987434
330,Muchamiel ,23.522,Alicante ,Flag of the Valencian Community (2x3).svg Comunidad Valenciana,38.419735,-0.4471011
331,Mogán ,23.476,Las Palmas ,Flag of the Canary Islands (simple).svg Canarias,27.8839292,-15.723279
332,Liria ,23.397,Valencia ,Flag of the Valencian Community (2x3).svg Comunidad Valenciana,39.62723039999999,-0.5967222999999999
333,Ciempozuelos ,23.354,Comunidad de Madrid ,Flag of the Community of Madrid.svg Comunidad de Madrid,40.157955,-3.6192473
334,Cullera ,23.304,Valencia ,Flag of the Valencian Community (2x3).svg Comunidad Valenciana,39.1631959,-0.2537897
335,Castellar del Vallés ,23.238,Barcelona ,Flag of Catalonia.svg Cataluña,41.6172338,2.0873256
336,Pilar de la Horadada ,22.967,Alicante ,Flag of the Valencian Community (2x3).svg Comunidad Valenciana,37.8631809,-0.7901334
337,La Oliva ,22.953,Las Palmas ,Flag of the Canary Islands (simple).svg Canarias,28.6100767,-13.9267252
338,Barbate ,22.928,Cádiz ,Flag of Andalucía.svg Andalucía,36.1900204,-5.9224799
339,Castrillón ,22.893,Principado de Asturias ,Flag of Asturias.svg Asturias,43.2044772,-5.7450973
340,Cártama ,22.867,Málaga ,Flag of Andalucía.svg Andalucía,36.7121567,-4.629873
341,Los Barrios ,22.853,Cádiz ,Flag of Andalucía.svg Andalucía,36.1850645,-5.4925573
342,Palafrugell ,22.816,Gerona ,Flag of Catalonia.svg Cataluña,41.9179112,3.1629611
343,Alcalá la Real ,22.758,Jaén ,Flag of Andalucía.svg Andalucía,37.4645203,-3.9241021
344,Zarauz ,22.697,Guipúzcoa ,Flag of the Basque Country.svg País Vasco,43.284771,-2.1713967
345,Mejorada del Campo ,22.677,Comunidad de Madrid ,Flag of the Community of Madrid.svg Comunidad de Madrid,40.396654,-3.4877129
346,Alboraya ,22.563,Valencia ,Flag of the Valencian Community (2x3).svg Comunidad Valenciana,39.4989552,-0.3510141
347,San Juan de Alicante ,22.554,Alicante ,Flag of the Valencian Community (2x3).svg Comunidad Valenciana,38.4020456,-0.4360296
348,Almonte ,22.525,Huelva ,Flag of Andalucía.svg Andalucía,37.2596578,-6.516975299999999
349,El Masnou ,22.523,Barcelona ,Flag of Catalonia.svg Cataluña,41.4826455,2.3114706
349,Torrelodones ,22.354,Comunidad de Madrid ,Flag of the Community of Madrid.svg Comunidad de Madrid,40.5766078,-3.9293646
350,Laguna de Duero ,22.334,Valladolid ,Flag of Castile and León.svg Castilla y León,41.5823975,-4.7215266
351,San Antonio Abad ,22.299,Islas Baleares ,Flag of the Balearic Islands.svg Islas Baleares,38.9826357,1.3015192
352,Nerja ,22.294,Málaga ,Flag of Andalucía.svg Andalucía,36.7565204,-3.8724658
353,Armilla ,22.283,Granada ,Flag of Andalucía.svg Andalucía,37.1439159,-3.6254529
354,Coín ,22.159,Málaga ,Flag of Andalucía.svg Andalucía,36.661601,-4.75751
355,Baza ,22.092,Granada ,Flag of Andalucía.svg Andalucía,37.4862228,-2.7769904
356,Esparraguera ,21.986,Barcelona ,Flag of Catalonia.svg Cataluña,41.5389334,1.870725
357,Mondragón ,21.972,Guipúzcoa ,Flag of the Basque Country.svg País Vasco,43.0648865,-2.4902081
358,Isla Cristina ,21.903,Huelva ,Flag of Andalucía.svg Andalucía,37.2005266,-7.323303500000001
359,Moncada ,21.86,Valencia ,Flag of the Valencian Community (2x3).svg Comunidad Valenciana,39.5452518,-0.3960275
360,Vilaseca ,21.839,Tarragona ,Flag of Catalonia.svg Cataluña,41.1089174,1.1457729
361,San Felíu de Guixols ,21.814,Gerona ,Flag of Catalonia.svg Cataluña,41.7850237,3.031659
362,La Estrada ,21.759,Pontevedra ,Flag of Galicia.svg Galicia,42.6898968,-8.4909406
363,Paracuellos de Jarama ,21.718,Comunidad de Madrid ,Flag of the Community of Madrid.svg Comunidad de Madrid,40.5056034,-3.5302108
364,Puebla de Vallbona ,21.708,Valencia ,Flag of the Valencian Community (2x3).svg Comunidad Valenciana,39.5989564,-0.5352355999999999
365,Alfaz del Pi ,21.67,Alicante ,Flag of the Valencian Community (2x3).svg Comunidad Valenciana,38.575398,-0.100481
366,Conil de la Frontera ,21.664,Cádiz ,Flag of Andalucía.svg Andalucía,36.2780988,-6.086207099999999
367,Loja ,21.618,Granada ,Flag of Andalucía.svg Andalucía,37.1661897,-4.149075
368,Medina del Campo ,21.607,Valladolid ,Flag of Castile and León.svg Castilla y León,41.3081627,-4.9154767
369,Rojales ,21.583,Alicante ,Flag of the Valencian Community (2x3).svg Comunidad Valenciana,38.0860483,-0.7235857
370,Mairena del Alcor ,21.56,Sevilla ,Flag of Andalucía.svg Andalucía,37.3740447,-5.7484139
371,Barañáin ,21.552,Comunidad Foral de Navarra ,Navarra,42.8041023,-1.6846077
372,Palma del Río ,21.537,Córdoba ,Flag of Andalucía.svg Andalucía,37.69821710000001,-5.2801691
373,Bétera ,21.512,Valencia ,Flag of the Valencian Community (2x3).svg Comunidad Valenciana,39.5915208,-0.4620313
374,Amposta ,21.445,Tarragona ,Flag of Catalonia.svg Cataluña,40.7067997,0.5801695
375,Las Torres de Cotillas ,21.443,Región de Murcia ,Flag of the Region of Murcia.svg Murcia,38.0274986,-1.2433848
376,San Juan de Aznalfarache ,21.439,Sevilla ,Flag of Andalucía.svg Andalucía,37.3592432,-6.0343054
377,Requena ,21.394,Valencia ,Flag of the Valencian Community (2x3).svg Comunidad Valenciana,39.4890265,-1.0993366
378,Maracena ,21.264,Granada ,Flag of Andalucía.svg Andalucía,37.2078659,-3.6329196
379,Cabra ,21.188,Córdoba ,Flag of Andalucía.svg Andalucía,37.4733595,-4.4425169
380,Los Llanos de Aridane ,21.145,S.C. de Tenerife ,Flag of the Canary Islands (simple).svg Canarias,28.6577222,-17.9122017
381,Lalín ,21.127,Pontevedra ,Flag of Galicia.svg Galicia,42.6611505,-8.1110256
382,Ribarroja del Turia ,21.094,Valencia ,Flag of the Valencian Community (2x3).svg Comunidad Valenciana,39.5455701,-0.5712724
383,Baena ,21.028,Córdoba ,Flag of Andalucía.svg Andalucía,37.617362,-4.3244513
384,Calatayud ,20.837,Zaragoza ,Flag of Aragon.svg Aragón,41.3531678,-1.6468455
385,Teguise ,20.788,Las Palmas ,Flag of the Canary Islands (simple).svg Canarias,29.0599533,-13.5595989
386,Ayamonte ,20.763,Huelva ,Flag of Andalucía.svg Andalucía,37.2141237,-7.4043413
387,Alfafar ,20.728,Valencia ,Flag of the Valencian Community (2x3).svg Comunidad Valenciana,39.4169604,-0.4000294
388,Alhama de Murcia ,20.725,Región de Murcia ,Flag of the Region of Murcia.svg Murcia,37.8493011,-1.422935
389,Algete ,20.701,Comunidad de Madrid ,Flag of the Community of Madrid.svg Comunidad de Madrid,40.5964617,-3.5016452
390,Carcagente ,20.687,Valencia ,Flag of the Valencian Community (2x3).svg Comunidad Valenciana,39.1015624,-0.4219444
391,Pájara ,20.565,Las Palmas ,Flag of the Canary Islands (simple).svg Canarias,28.3508903,-14.1081189
392,Manlleu ,20.445,Barcelona ,Flag of Catalonia.svg Cataluña,42.0035444,2.2852014
393,Moguer ,20.418,Huelva ,Flag of Andalucía.svg Andalucía,37.27464,-6.8369079
394,Guía de Isora ,20.396,S.C. de Tenerife ,Flag of the Canary Islands (simple).svg Canarias,28.2111121,-16.7787562
395,Guadix ,20.375,Granada ,Flag of Andalucía.svg Andalucía,37.3011351,-3.1403256
396,Aspe ,20.292,Alicante ,Flag of the Valencian Community (2x3).svg Comunidad Valenciana,38.3435941,-0.7704126
397,Tías ,20.102,Las Palmas ,Flag of the Canary Islands (simple).svg Canarias,28.9578494,-13.6507431
398,Picasent ,20.087,Valencia ,Flag of the Valencian Community (2x3).svg Comunidad Valenciana,39.3637987,-0.4620313
