Auvergne Rhône-Alpes,Isere,,Voiron,19988,45.362713,5.591349
Île-de-France,Yvelines,,Achères,19985,48.96079599999999,2.0700219
Île-de-France,Seine-et-Marne,,Ozoir-la-Ferrière,19917,48.763827,2.671739
Alsace-Champagne-Ardenne-Lorraine,Haut-Rhin,,Saint-Louis,19907,47.5859949,7.563934
Provence-Alpes-Côte d'Azur,Bouches-du-Rhone,,Gardanne,19844,43.4525982,5.4717363
Île-de-France,Val-de-Marne,,Arcueil,19746,48.80486,2.334955
Île-de-France,Hauts-de-Seine,,Sceaux,19718,48.77801600000001,2.295092
Île-de-France,Hauts-de-Seine,,Chaville,19717,48.808026,2.192418
Île-de-France,Hauts-de-Seine,,Bourg-la-Reine,19712,48.780454,2.316374
Brittany,Cotes-d'Armor,,Lannion,19627,48.732084,-3.459144
Rhone-Alpes,Haute-Savoie,,Seynod,19624,45.8890357,6.102035799999999
Languedoc-Roussillon Midi-Pyrénées,Lot,,Cahors,19616,44.4475229,1.441989
Auvergne Rhône-Alpes,Rhône,,Givors,19574,45.58329,4.772829
Centre,Loiret,,Saint-Jean-de-Braye,19571,47.912048,1.970843
Alsace-Champagne-Ardenne-Lorraine,Meurthe-et-Moselle,,Lunéville,19516,48.592237,6.492338999999999
Île-de-France,Essonne,,Chilly-Mazarin,19502,48.705134,2.310271
Pays de la Loire,Vendee,,Challans,19501,46.844828,-1.880412
Provence-Alpes-Côte d'Azur,Vaucluse,,Pertuis,19498,43.694275,5.501843
Auvergne Rhône-Alpes,Allier,,Moulins,19474,46.568059,3.334417
Upper Normandy,Seine-Maritime,,Fécamp,19381,49.755601,0.380774
Auvergne Rhône-Alpes,Drome,,Bourg-lès-Valence,19351,44.94703699999999,4.894633
Alsace,Bas-Rhin,,Sélestat,19332,48.259386,7.454241000000001
Auvergne Rhône-Alpes,Puy-de-Dome,,Cournon-d'Auvergne,19287,45.741532,3.198177
Lower Normandy,Manche,,Saint-Lô,19285,49.1154686,-1.0828136
Île-de-France,Seine-et-Marne,,Mitry-Mory,19267,48.98543,2.619156
Normandy,Seine-Maritime,,Mont-Saint-Aignan,19178,49.459778,1.079798
Île-de-France,Val-de-Marne,,Le Plessis-Trévise,19157,48.808589,2.573903
Auvergne Rhône-Alpes,Savoie,,Albertville,19071,45.675535,6.392726
Provence-Alpes-Côte d'Azur,Alpes-Maritimes,,Vence,19052,43.7223216,7.111703299999999
Burgundy,Saône-et-Loire,,Montceau-les-Mines,18969,46.67413,4.362979
Aquitaine Limousin Poitou-Charentes,Deux-Sevres,,Bressuire,18962,46.84246,-0.492866
Provence-Alpes-Côte d'Azur,Vaucluse,,L'Isle-sur-la-Sorgue,18955,43.91419,5.057106
Île-de-France,Val-de-Marne,,Chevilly-Larue,18894,48.7649765,2.3581919
Brittany,Finistere,,Concarneau,18867,47.872834,-3.920734
Île-de-France,Yvelines,,Maurepas,18827,48.7623589,1.945326
Picardy,Oise,,Nogent-sur-Oise,18753,49.278948,2.464688
Nord-Pas-de-Calais,Nord,,Hem,18721,50.654867,3.18881
Aquitaine Limousin Poitou-Charentes,Charente,,Cognac,18705,45.691046,-0.328744
Auvergne,Puy-de-Dome,,Riom,18675,45.8939949,3.114932
Pays de la Loire,Loire-Atlantique,,Bouguenais,18662,47.176385,-1.619656
Pays de la Loire,Loire-Atlantique,,Carquefou,18646,47.29624099999999,-1.486812
Auvergne Rhône-Alpes,Haute-Loire,,Le Puy-en-Velay,18619,45.042768,3.882936
Nord-Pas-de-Calais Picardie,Nord,,Ronchin,18570,50.605934,3.078683
Provence-Alpes-Côte d'Azur,Vaucluse,,Sorgues,18500,44.008767,4.872757
Pays de la Loire,Loire-Atlantique,,La Chapelle-sur-Erdre,18412,47.29957599999999,-1.550638
Provence-Alpes-Côte d'Azur,Alpes-Maritimes,,Mougins,18302,43.6023319,7.006491
Languedoc-Roussillon Midi-Pyrénées,Gard,,Bagnols-sur-Cèze,18218,44.16252,4.620075
Auvergne Rhône-Alpes,Isere,,Villefontaine,18168,45.613538,5.150093
Aquitaine Limousin Poitou-Charentes,Charente-Maritime,,Royan,18138,45.623027,-1.043182
Alsace-Champagne-Ardenne-Lorraine,Ardennes,,Sedan,18134,49.70349,4.93863
Île-de-France,Val-de-Marne,,Chennevières-sur-Marne,18134,48.796124,2.53507
Île-de-France,Val-de-Marne,,Joinville-le-Pont,18124,48.821267,2.472043
Île-de-France,Yvelines,,Saint-Cyr-l'École,18089,48.806421,2.0657
Brittany,Morbihan,,Ploemeur,18039,47.735695,-3.42714
Aquitaine Limousin Poitou-Charentes,Lot-et-Garonne,,Marmande,18028,44.500484,0.159869
Normandy,Eure,,Louviers,18023,49.2152477,1.1686123
Alsace-Champagne-Ardenne-Lorraine,Meuse,,Verdun,17923,49.15987639999999,5.3844231
Île-de-France,Seine-Saint-Denis,,Le Pré-Saint-Gervais,17908,48.885063,2.40557
Nord-Pas-de-Calais Picardie,Pas-de-Calais,,Avion,17876,50.412326,2.824277
Languedoc-Roussillon,Hérault,,Castelnau-le-Lez,17837,43.6329827,3.8975051
Auvergne Rhône-Alpes,Rhône,,Écully,17787,45.774657,4.77867
Île-de-France,Hauts-de-Seine,,Garches,17769,48.846066,2.188703
Île-de-France,Yvelines,,Les Clayes-sous-Bois,17735,48.82342,1.976374
Auvergne Rhône-Alpes,Puy-de-Dome,,Chamalières,17733,45.77412,3.060484
Île-de-France,Val-d'Oise,,Soisy-sous-Montmorency,17637,48.988506,2.299731
Auvergne Rhône-Alpes,Haute-Savoie,,Cluses,17627,46.06039,6.580582
Rhone-Alpes,Rhône,,Saint-Fons,17584,45.70887399999999,4.853374
Île-de-France,Seine-et-Marne,,Moissy-Cramayel,17500,48.62715799999999,2.593706
Nord-Pas-de-Calais,Nord,,Faches-Thumesnil,17497,50.602642,3.06953
Auvergne Rhône-Alpes,Isere,,Meylan,17493,45.209786,5.777628000000001
Auvergne Rhône-Alpes,Haute-Savoie,,Cran-Gevrier,17493,45.907737,6.106676999999999
Brittany,Ille-et-Vilaine,,Vitré,17463,48.12474599999999,-1.21543
Alsace-Champagne-Ardenne-Lorraine,Bas-Rhin,,Lingolsheim,17450,48.554457,7.681749000000001
Alsace,Bas-Rhin,,Bischheim,17432,48.614813,7.751991
Bourgogne Franche-Comté,Doubs,,Pontarlier,17398,46.9041039,6.354241999999999
Provence-Alpes-Côte d'Azur,Vaucluse,,Le Pontet,17344,43.9591489,4.863830999999999
Normandy,Seine-Maritime,,Elbeuf,17343,49.292163,1.00691
Provence-Alpes-Côte d'Azur,Bouches-du-Rhone,,Port-de-Bouc,17208,43.405449,4.985931
Normandy,Manche,,Équeurdreville-Hainneville,17175,49.648868,-1.653674
Île-de-France,Seine-et-Marne,,Montereau-Fault-Yonne,17173,48.38473399999999,2.956193
Languedoc-Roussillon Midi-Pyrénées,Haute-Garonne,,Plaisance-du-Touch,17126,43.56468599999999,1.2949
Centre,Loir-et-Cher,,Vendôme,17121,47.792551,1.065343
Auvergne Rhône-Alpes,Loire,,Firminy,17066,45.387638,4.287617
Bourgogne Franche-Comté,Jura,,Lons-le-Saunier,17063,46.671361,5.550796
Aquitaine Limousin Poitou-Charentes,Gironde,,Bruges,16954,44.88179299999999,-0.6127469999999999
Centre,Loir-et-Cher,,Romorantin-Lanthenay,16891,47.358657,1.747259
Aquitaine Limousin Poitou-Charentes,Pyrénées-Atlantiques,,Hendaye,16887,43.359399,-1.766148
Nord-Pas-de-Calais Picardie,Pas-de-Calais,,Carvin,16873,50.491515,2.958107
Brittany,Ille-et-Vilaine,,Bruz,16855,48.024538,-1.747148
Brittany,Ille-et-Vilaine,,Cesson-Sévigné,16784,48.11947199999999,-1.602923
Île-de-France,Val-d'Oise,,Éragny,16704,49.02458,2.094985
Languedoc-Roussillon Midi-Pyrénées,Hérault,,Mauguio,16659,43.6154409,4.010165
Nord-Pas-de-Calais Picardie,Nord,,Saint-Amand-les-Eaux,16653,50.44897899999999,3.428713
Île-de-France,Val-de-Marne,,Bonneuil-sur-Marne,16642,48.774755,2.487765
Languedoc-Roussillon Midi-Pyrénées,Haute-Garonne,,Cugnaux,16638,43.537141,1.344995
Provence-Alpes-Côte d'Azur,Var,,La Crau,16612,43.147764,6.073126999999999
Aquitaine Limousin Poitou-Charentes,Gironde,,Floirac,16531,44.8305549,-0.527552
Île-de-France,Seine-et-Marne,,Brie-Comte-Robert,16529,48.69122669999999,2.6103697
Provence-Alpes-Côte d'Azur,Alpes-de-Haute-Provence,,Digne-les-Bains,16512,44.09219299999999,6.235976
Centre,Loiret,,Saint-Jean-de-la-Ruelle,16488,47.912722,1.874149
Île-de-France,Yvelines,,Marly-le-Roi,16485,48.868389,2.097727
Provence-Alpes-Côte d'Azur,Var,,Brignoles,16450,43.40655,6.061186999999999
Île-de-France,Val-d'Oise,,Osny,16441,49.0700239,2.062715
Aquitaine Limousin Poitou-Charentes,Gironde,,Cestas,16438,44.741163,-0.6843549999999999
Île-de-France,Val-de-Marne,,Gentilly,16427,48.8138999,2.344688
Île-de-France,Val-de-Marne,,Bry-sur-Marne,16423,48.834913,2.5236489
Île-de-France,Val-de-Marne,,Boissy-Saint-Léger,16399,48.7544029,2.5060809
Île-de-France,Val-d'Oise,,Jouy-le-Moutier,16300,49.01569500000001,2.047209
Centre,Indre-et-Loire,,Saint-Cyr-sur-Loire,16239,47.401366,0.6633599
Île-de-France,Yvelines,,Le Pecq,16237,48.897267,2.106434
Auvergne Rhône-Alpes,Isere,,L'Isle-d'Abeau,16225,45.623157,5.230114899999999
Normandy,Seine-Maritime,,Montivilliers,16198,49.542538,0.19336
Île-de-France,Essonne,,Orsay,16153,48.697161,2.189617
Centre,Eure-et-Loir,,Lucé,16149,48.439575,1.466895
Alsace-Champagne-Ardenne-Lorraine,Meurthe-et-Moselle,,Toul,16128,48.678296,5.890159
Alsace-Champagne-Ardenne-Lorraine,Moselle,,Saint-Avold,16126,49.104408,6.705793
Rhone-Alpes,Ardeche,,Annonay,16075,45.239403,4.667349
Provence-Alpes-Côte d'Azur,Var,,Sanary-sur-Mer,16047,43.118021,5.801435
Île-de-France,Yvelines,,Limay,16040,48.992181,1.735384
Languedoc-Roussillon Midi-Pyrénées,Gard,,Beaucaire,16036,43.807235,4.644269
Auvergne Rhône-Alpes,Isere,,Saint-Égrève,15996,45.233131,5.681538
Alsace-Champagne-Ardenne-Lorraine,Meuse,,Bar-le-Duc,15950,48.773605,5.158238000000001
Pays de la Loire,Vendee,,Les Herbiers,15933,46.86919,-1.013388
Normandy,Manche,,Tourlaville,15902,49.643509,-1.569449
Alsace-Champagne-Ardenne-Lorraine,Moselle,,Yutz,15898,49.357276,6.200101
Pays de la Loire,Loire-Atlantique,,Guérande,15858,47.328003,-2.4297589
Auvergne Rhône-Alpes,Haute-Savoie,,Sallanches,15853,45.936661,6.630556899999999
Île-de-France,Yvelines,,Le Vésinet,15847,48.894198,2.134716
Alsace-Champagne-Ardenne-Lorraine,Moselle,,Hayange,15833,49.32982699999999,6.062165999999999
Nord-Pas-de-Calais Picardie,Nord,,Sin-le-Noble,15825,50.36585100000001,3.114329
Provence-Alpes-Côte d'Azur,Bouches-du-Rhone,,Fos-sur-Mer,15814,43.43788199999999,4.945711
Provence-Alpes-Côte d'Azur,Bouches-du-Rhone,,Châteaurenard,15780,43.8820059,4.855684999999999
Brittany,Morbihan,,Hennebont,15765,47.802625,-3.275811
Languedoc-Roussillon,Hérault,,Lattes,15748,43.567296,3.896473
Languedoc-Roussillon Midi-Pyrénées,Ariege,,Pamiers,15744,43.114753,1.607953
Île-de-France,Yvelines,,Viroflay,15734,48.79966,2.173231
Île-de-France,Essonne,,Verrières-le-Buisson,15709,48.746318,2.266838
Île-de-France,Seine-Saint-Denis,,Le Bourget,15708,48.936752,2.425377
Île-de-France,Val-d'Oise,,Vauréal,15705,49.029373,2.023163
Auvergne Rhône-Alpes,Loire,,Montbrison,15673,45.60745,4.063338
Île-de-France,Seine-et-Marne,,Noisiel,15638,48.85478,2.628701
Provence-Alpes-Côte d'Azur,Var,,Saint-Maximin-la-Sainte-Baume,15590,43.452497,5.864004
Nord-Pas-de-Calais Picardie,Oise,,Senlis,15583,49.205164,2.583212
Île-de-France,Essonne,,Juvisy-sur-Orge,15545,48.691738,2.37216
Bourgogne Franche-Comté,Haute-Saône,,Vesoul,15473,47.61978800000001,6.15428
Pays de la Loire,Loire-Atlantique,,La Baule-Escoublac,15456,47.285448,-2.393236
Centre,Loiret,,Saran,15449,47.94791,1.880734
Brittany,Finistere,,Landerneau,15443,48.450821,-4.248437
Centre,Indre-et-Loire,,Saint-Pierre-des-Corps,15404,47.3898439,0.7224790000000001
Île-de-France,Val-d'Oise,,Domont,15339,49.030343,2.326213
Aquitaine Limousin Poitou-Charentes,Gironde,,Blanquefort,15297,44.910084,-0.6352439999999999
Brittany,Finistere,,Morlaix,15264,48.577613,-3.828228
Île-de-France,Yvelines,,Carrières-sur-Seine,15205,48.911292,2.178685
Île-de-France,Yvelines,,Montesson,15183,48.908587,2.149777
Île-de-France,Yvelines,,Carrières-sous-Poissy,15102,48.945484,2.037356
Île-de-France,Val-d'Oise,,Saint-Leu-la-Forêt,15082,49.019157,2.247531
Île-de-France,Yvelines,,Verneuil-sur-Seine,15050,48.97931699999999,1.975419
Pays de la Loire,Sarthe,,La Flèche,14992,47.69589,-0.07464599999999999
Nord-Pas-de-Calais Picardie,Oise,,Crépy-en-Valois,14962,49.2361549,2.890059
Midi-Pyrénées,Haute-Garonne,,Balma,14929,43.606098,1.500032
Île-de-France,Val-de-Marne,,Saint-Maurice,14927,48.8205669,2.423655
Centre,Indre-et-Loire,,Saint-Avertin,14893,47.367854,0.7269049999999999
Alsace-Champagne-Ardenne-Lorraine,Haut-Rhin,,Illzach,14870,47.781287,7.346867
Île-de-France,Seine-et-Marne,,Fontainebleau,14839,48.40467599999999,2.70162
Nord-Pas-de-Calais,Pas-de-Calais,,Berck,14835,50.408188,1.591865
Alsace-Champagne-Ardenne-Lorraine,Meurthe-et-Moselle,,Pont-à-Mousson,14792,48.90329,6.054868
Nord-Pas-de-Calais Picardie,Nord,,Caudry,14789,50.124269,3.410122
Normandy,Orne,,Flers,14761,48.750059,-0.5757940000000001
Brittany,Finistere,,Douarnenez,14750,48.093228,-4.328619
Île-de-France,Seine-et-Marne,,Coulommiers,14725,48.813071,3.083497
Alsace-Champagne-Ardenne-Lorraine,Meurthe-et-Moselle,,Laxou,14681,48.684256,6.152525
Alsace-Champagne-Ardenne-Lorraine,Haut-Rhin,,Wittenheim,14666,47.81077,7.339439
Auvergne Rhône-Alpes,Loire,,Rive-de-Gier,14658,45.52769199999999,4.615349
Languedoc-Roussillon Midi-Pyrénées,Hautes-Pyrénées,,Lourdes,14644,43.091463,-0.045726
Centre,Loiret,,Gien,14624,47.698059,2.624758
Normandy,Seine-Maritime,,Canteleu,14621,49.4512969,1.035511
Aquitaine Limousin Poitou-Charentes,Gironde,,Ambarès-et-Lagrave,14609,44.926494,-0.490401
Nord-Pas-de-Calais Picardie,Nord,,Haubourdin,14560,50.60953,2.984736
Franche-Comté,Doubs,,Audincourt,14552,47.481724,6.840615000000001
Auvergne Rhône-Alpes,Haute-Savoie,,Rumilly,14542,45.867137,5.942356999999999
Brittany,Cotes-d'Armor,,Plérin,14394,48.534928,-2.770404
Île-de-France,Val-d'Oise,,Saint-Brice-sous-Forêt,14393,48.999429,2.356007
Nord-Pas-de-Calais,Pas-de-Calais,,Outreau,14390,50.706513,1.59255
Nord-Pas-de-Calais Picardie,Nord,,Bailleul,14389,50.736482,2.73559
Auvergne Rhône-Alpes,Ain,,Ambérieu-en-Bugey,14359,45.95843600000001,5.359556
Auvergne Rhône-Alpes,Loire,,Saint-Just-Saint-Rambert,14356,45.4936827,4.2453004
Alsace-Champagne-Ardenne-Lorraine,Aube,,Romilly-sur-Seine,14352,48.517732,3.726275
Provence-Alpes-Côte d'Azur,Alpes-Maritimes,,Villeneuve-Loubet,14346,43.6578919,7.122337
Languedoc-Roussillon Midi-Pyrénées,Tarn,,Gaillac,14334,43.9018159,1.896506
Centre,Loiret,,Montargis,14326,47.99729,2.736291
Aquitaine Limousin Poitou-Charentes,Correze,,Tulle,14323,45.26565,1.771697
Pays de la Loire,Vendee,,Olonne-sur-Mer,14299,46.536402,-1.772826
Pays de la Loire,Loire-Atlantique,,Pornic,14288,47.115491,-2.104444
Auvergne Rhône-Alpes,Puy-de-Dome,,Issoire,14286,45.54151,3.248128
Nord-Pas-de-Calais Picardie,Nord,,Hautmont,14271,50.246997,3.91708
Île-de-France,Seine-Saint-Denis,,Le Raincy,14261,48.897386,2.5231119
Pays de la Loire,Vendee,,Les Sables-d'Olonne,14253,46.49295799999999,-1.795493
Nord-Pas-de-Calais Picardie,Aisne,,Château-Thierry,14189,49.0459869,3.40262
Nord-Pas-de-Calais Picardie,Nord,,Wattignies,14179,50.581494,3.044099
Pays de la Loire,Loire-Atlantique,,Sainte-Luce-sur-Loire,14170,47.249491,-1.487331
Alsace-Champagne-Ardenne-Lorraine,Meurthe-et-Moselle,,Villers-lès-Nancy,14133,48.67321800000001,6.153496
Île-de-France,Val-d'Oise,,Arnouville,14122,48.980312,2.423662
Auvergne Rhône-Alpes,Rhône,,Francheville,14094,45.7297871,4.7438242
Alsace-Champagne-Ardenne-Lorraine,Meurthe-et-Moselle,,Longwy,14092,49.51991899999999,5.761773
Île-de-France,Seine-et-Marne,,Lognes,14021,48.836571,2.6327379
Île-de-France,Yvelines,,Bois-d'Arcy,14008,48.80598,2.022188
Picardy,Oise,,Méru,13995,49.236009,2.13544
Nord-Pas-de-Calais Picardie,Pas-de-Calais,,Saint-Omer,13992,50.750115,2.252208
Aquitaine Limousin Poitou-Charentes,Landes,,Biscarrosse,13983,44.3946602,-1.164218
Bourgogne Franche-Comté,Côte-d'Or,,Chenôve,13982,47.294216,5.001189999999999
Brittany,Finistere,,Guipavas,13966,48.435977,-4.400707
Alsace-Champagne-Ardenne-Lorraine,Moselle,,Fameck,13965,49.304436,6.102591899999999
Provence-Alpes-Côte d'Azur,Bouches-du-Rhone,,Bouc-Bel-Air,13963,43.451152,5.413875
Provence-Alpes-Côte d'Azur,Bouches-du-Rhone,,Tarascon,13941,43.80604400000001,4.65752
Picardy,Aisne,,Tergnier,13938,49.65625199999999,3.291635
Provence-Alpes-Côte d'Azur,Bouches-du-Rhone,,Berre-l'Étang,13937,43.4757729,5.167309
Brittany,Morbihan,,Pontivy,13915,48.066152,-2.967056
Lower Normandy,Orne,,Argentan,13903,48.744001,-0.016566
Nord-Pas-de-Calais Picardie,Oise,,Noyon,13894,49.58016600000001,3.0007229
Lower Normandy,Calvados,,Bayeux,13888,49.27643699999999,-0.70314
Île-de-France,Val-d'Oise,,Montmagny,13864,48.97088,2.34408
Bourgogne Franche-Comté,Saône-et-Loire,,Autun,13863,46.950914,4.301565
Provence-Alpes-Côte d'Azur,Var,,Sainte-Maxime,13835,43.310184,6.640482
Provence-Alpes-Côte d'Azur,Bouches-du-Rhone,,Châteauneuf-les-Martigues,13792,43.38296,5.164636
Provence-Alpes-Côte d'Azur,Vaucluse,,Bollène,13776,44.2811484,4.75331
Île-de-France,Seine-et-Marne,,Avon,13761,48.404839,2.720733
Alsace-Champagne-Ardenne-Lorraine,Haut-Rhin,,Rixheim,13750,47.744376,7.396833999999999
Languedoc-Roussillon Midi-Pyrénées,Tarn-et-Garonne,,Castelsarrasin,13739,44.039889,1.107132
Pays de la Loire,Vendee,,Fontenay-le-Comte,13647,46.465972,-0.8065
Brittany,Ille-et-Vilaine,,Saint-Gilles,13641,48.154936,-1.828955
Pays de la Loire,Vendee,,Château-d'Olonne,13593,46.50436,-1.738692
Auvergne Rhône-Alpes,Allier,,Cusset,13545,46.13196199999999,3.4565
Nord-Pas-de-Calais Picardie,Nord,,Roncq,13524,50.746301,3.115632
Île-de-France,Seine-et-Marne,,Saint-Fargeau-Ponthierry,13497,48.5361561,2.5242532
Alsace-Champagne-Ardenne-Lorraine,Moselle,,Woippy,13495,49.150918,6.150998
Aquitaine Limousin Poitou-Charentes,Pyrénées-Atlantiques,,Billère,13479,43.302207,-0.39742
Midi-Pyrénées,Haute-Garonne,,Ramonville-Saint-Agne,13475,43.543794,1.4784139
Île-de-France,Essonne,,Courcouronnes,13466,48.617871,2.407091
Nord-Pas-de-Calais Picardie,Nord,,Lys-lez-Lannoy,13437,50.67452,3.216898
Alsace-Champagne-Ardenne-Lorraine,Moselle,,Creutzwald,13434,49.204987,6.696246899999999
Pays de la Loire,Mayenne,,Mayenne,13376,48.3061239,-0.620935
Provence-Alpes-Côte d'Azur,Var,,Ollioules,13321,43.13990099999999,5.847652
Nord-Pas-de-Calais Picardie,Nord,,Mouvaux,13309,50.702318,3.132008
Provence-Alpes-Côte d'Azur,Alpes-Maritimes,,Beausoleil,13279,43.741767,7.423019
Alsace-Champagne-Ardenne-Lorraine,Moselle,,Freyming-Merlebach,13278,49.146198,6.811347
Centre,Indre-et-Loire,,Amboise,13246,47.413326,0.9844069999999999
Centre,Eure-et-Loir,,Châteaudun,13226,48.070369,1.327696
Île-de-France,Seine-et-Marne,,Vaires-sur-Marne,13200,48.87360899999999,2.639543
Île-de-France,Essonne,,Mennecy,13194,48.566784,2.434436
Alsace-Champagne-Ardenne-Lorraine,Marne,,Vitry-le-François,13174,48.726087,4.585745
Aquitaine Limousin Poitou-Charentes,Creuse,,Guéret,13143,46.16959900000001,1.871452
Pays de la Loire,Loire-Atlantique,,Saint-Brevin-les-Pins,13134,47.246659,-2.165807
Pays de la Loire,Maine-et-Loire,,Trélazé,13125,47.445879,-0.4667949999999999
Normandy,Manche,,Granville,13104,48.837579,-1.597302
Brittany,Finistere,,Plougastel-Daoulas,13101,48.37405099999999,-4.369108
Provence-Alpes-Côte d'Azur,Alpes-Maritimes,,Valbonne,13092,43.64152,7.009186
Nord-Pas-de-Calais Picardie,Nord,,Anzin,13092,50.375949,3.511127
Île-de-France,Yvelines,,Fontenay-le-Fleury,13086,48.810638,2.046222
Normandy,Seine-Maritime,,Bois-Guillaume,13046,49.4688521,1.1148305
Pays de la Loire,Maine-et-Loire,,Avrillé,12972,47.505335,-0.590629
Normandy,Eure,,Val-de-Reuil,12969,49.272602,1.217085
Aquitaine Limousin Poitou-Charentes,Pyrénées-Atlantiques,,Saint-Jean-de-Luz,12967,43.388051,-1.663055
Aquitaine Limousin Poitou-Charentes,Landes,,Saint-Paul-lès-Dax,12956,43.724934,-1.051409
Brittany,Morbihan,,Auray,12946,47.66649100000001,-2.983767
Auvergne Rhône-Alpes,Drome,,Pierrelatte,12936,44.37775000000001,4.696981000000001
Auvergne Rhône-Alpes,Allier,,Yzeure,12905,46.566314,3.354775
Nord-Pas-de-Calais Picardie,Nord,,Somain,12863,50.359201,3.281138
Nord-Pas-de-Calais Picardie,Oise,,Montataire,12843,49.257575,2.4350679
Île-de-France,Seine-et-Marne,,Nemours,12824,48.267043,2.692611
Île-de-France,Val-de-Marne,,Valenton,12819,48.749736,2.459965
Centre,Loiret,,Châlette-sur-Loing,12812,48.014736,2.73203
Provence-Alpes-Côte d'Azur,Bouches-du-Rhone,,Saint-Martin-de-Crau,12737,43.638628,4.812107
Alsace,Haut-Rhin,,Kingersheim,12720,47.789641,7.334499000000001
Alsace-Champagne-Ardenne-Lorraine,Bas-Rhin,,Bischwiller,12718,48.768088,7.860032
Nord-Pas-de-Calais,Nord,,Raismes,12682,50.392546,3.484984
Nord-Pas-de-Calais,Pas-de-Calais,,Bully-les-Mines,12678,50.44659799999999,2.720937
Auvergne Rhône-Alpes,Haute-Savoie,,Bonneville,12648,46.0780249,6.409053
Provence-Alpes-Côte d'Azur,Alpes-Maritimes,,Roquebrune-Cap-Martin,12646,43.757808,7.473754
Nord-Pas-de-Calais Picardie,Oise,,Pont-Sainte-Maxence,12637,49.301412,2.6048429
Alsace-Champagne-Ardenne-Lorraine,Aube,,La Chapelle-Saint-Luc,12634,48.312011,4.047817999999999
Nord-Pas-de-Calais Picardie,Nord,,Fourmies,12581,50.018301,4.046972
Pays de la Loire,Sarthe,,Sablé-sur-Sarthe,12575,47.8404856,-0.3334185
Nord-Pas-de-Calais,Nord,,Seclin,12571,50.54533199999999,3.026566
Île-de-France,Essonne,,Épinay-sous-Sénart,12565,48.69305199999999,2.515825
Nord-Pas-de-Calais Picardie,Nord,,Comines,12564,50.7650099,3.006234
Languedoc-Roussillon Midi-Pyrénées,Tarn-et-Garonne,,Moissac,12564,44.10485200000001,1.08468
Auvergne Rhône-Alpes,Haute-Savoie,,Saint-Julien-en-Genevois,12561,46.144516,6.081338
Auvergne Rhône-Alpes,Loire,,Le Chambon-Feugerolles,12523,45.395883,4.325413
Alsace-Champagne-Ardenne-Lorraine,Moselle,,Stiring-Wendel,12506,49.20151200000001,6.932073
Auvergne Rhône-Alpes,Rhône,,Mions,12485,45.6629628,4.9532038
Île-de-France,Essonne,,Morangis,12456,48.7022059,2.336018
Île-de-France,Seine-Saint-Denis,,Villetaneuse,12451,48.963476,2.347354
Languedoc-Roussillon Midi-Pyrénées,Pyrénées-Orientales,,Canet-en-Roussillon,12436,42.706091,3.009898
Nord-Pas-de-Calais Picardie,Pas-de-Calais,,Noeux-les-Mines,12424,50.481212,2.662174
Centre,Indre,,Issoudun,12420,46.94753499999999,1.988654
Midi-Pyrénées,Haute-Garonne,,Castanet-Tolosan,12388,43.51562999999999,1.499573
Provence-Alpes-Côte d'Azur,Var,,Roquebrune-sur-Argens,12344,43.443408,6.637682
Auvergne Rhône-Alpes,Rhône,,Genas,12341,45.732041,5.001291
Provence-Alpes-Côte d'Azur,Vaucluse,,Apt,12325,43.876452,5.395439
Alsace-Champagne-Ardenne-Lorraine,Moselle,,Sarrebourg,12306,48.732663,7.052587
Aquitaine Limousin Poitou-Charentes,Landes,,Tarnos,12269,43.5408,-1.461038
Île-de-France,Yvelines,,Andrésy,12249,48.979048,2.051033
Nord-Pas-de-Calais Picardie,Pas-de-Calais,,Harnes,12244,50.45217599999999,2.909221
Centre,Loiret,,Amilly,12232,47.97534599999999,2.768125
Brittany,Cotes-d'Armor,,Lamballe,12217,48.468637,-2.517322
Provence-Alpes-Côte d'Azur,Hautes-Alpes,,Briançon,12190,44.899416,6.643179
Brittany,Finistere,,Plouzané,12175,48.381438,-4.620404
Auvergne Rhône-Alpes,Isere,,Seyssinet-Pariset,12156,45.1729516,5.6703133
Pays de la Loire,Maine-et-Loire,,Les Ponts-de-Cé,12112,47.424616,-0.524654
Aquitaine Limousin Poitou-Charentes,Pyrénées-Atlantiques,,Lons,12106,43.315739,-0.411051
Nord-Pas-de-Calais,Nord,,Bruay-sur-l'Escaut,12097,50.397664,3.537198
Île-de-France,Yvelines,,Vernouillet,12047,48.973699,1.983023
Provence-Alpes-Côte d'Azur,Vaucluse,,Monteux,12015,44.034945,4.996761999999999
Île-de-France,Val-de-Marne,,La Queue-en-Brie,12008,48.790857,2.5754929
Brittany,Finistere,,Quimperlé,11978,47.87258600000001,-3.547546
Île-de-France,Val-d'Oise,,L'Isle-Adam,11976,49.112288,2.217872
Alsace-Champagne-Ardenne-Lorraine,Haut-Rhin,,Riedisheim,11962,47.749709,7.368599000000001
Normandy,Seine-Maritime,,Barentin,11957,49.543453,0.9581299999999999
Île-de-France,Seine-et-Marne,,Provins,11940,48.560149,3.299203
Alsace-Champagne-Ardenne-Lorraine,Bas-Rhin,,Ostwald,11925,48.5434709,7.710229999999999
Languedoc-Roussillon Midi-Pyrénées,Aveyron,,Villefranche-de-Rouergue,11909,44.349746,2.035381000000001
Provence-Alpes-Côte d'Azur,Var,,Saint-Cyr-sur-Mer,11894,43.1826409,5.709571
Picardy,Aisne,,Chauny,11874,49.615576,3.219421
Pays de la Loire,Loire-Atlantique,,Châteaubriant,11866,47.720948,-1.3762239
Normandy,Seine-Maritime,,Yvetot,11849,49.617779,0.755212
Languedoc-Roussillon Midi-Pyrénées,Pyrénées-Orientales,,Saint-Estève,11846,42.711815,2.8437039
Languedoc-Roussillon,Gard,,Villeneuve-lès-Avignon,11833,43.96341,4.796959
Île-de-France,Val-d'Oise,,Persan,11809,49.152233,2.269571
Languedoc-Roussillon Midi-Pyrénées,Tarn,,Graulhet,11807,43.759597,1.988911
Auvergne Rhône-Alpes,Ardeche,,Aubenas,11803,44.620909,4.389863
Languedoc-Roussillon Midi-Pyrénées,Haute-Garonne,,Fonsorbes,11786,43.535456,1.230645
Brittany,Ille-et-Vilaine,,Saint-Jacques-de-la-Lande,11783,48.065963,-1.722328
Alsace-Champagne-Ardenne-Lorraine,Aube,,Saint-André-les-Vergers,11770,48.279962,4.053341
Provence-Alpes-Côte d'Azur,Alpes-Maritimes,,Carros,11756,43.792389,7.18712
Midi-Pyrénées,Haute-Garonne,,L'Union,11731,43.65719199999999,1.484186
Auvergne Rhône-Alpes,Haute-Savoie,,Gaillard,11723,46.18468499999999,6.208959
Nord-Pas-de-Calais Picardie,Pas-de-Calais,,Méricourt,11708,50.4015259,2.866865
Auvergne Rhône-Alpes,Isere,,Sassenage,11705,45.206646,5.663678
Provence-Alpes-Côte d'Azur,Bouches-du-Rhone,,Rognac,11700,43.487871,5.23463
Alsace-Champagne-Ardenne-Lorraine,Moselle,,Florange,11689,49.321374,6.118282
Languedoc-Roussillon Midi-Pyrénées,Lozère,,Mende,11679,44.517611,3.501873
Alsace,Haut-Rhin,,Cernay,11664,47.80712399999999,7.176532000000001
Auvergne Rhône-Alpes,Ain,,Bellegarde-sur-Valserine,11644,46.10759900000001,5.826179
Provence-Alpes-Côte d'Azur,Var,,Cogolin,11642,43.251843,6.532648999999999
Nord-Pas-de-Calais,Nord,,Gravelines,11638,50.98707,2.125537
Alsace-Champagne-Ardenne-Lorraine,Bas-Rhin,,Saverne,11609,48.741963,7.361647
Languedoc-Roussillon Midi-Pyrénées,Aveyron,,Onet-le-Château,11604,44.37948069999999,2.5891648
Île-de-France,Seine-et-Marne,,Claye-Souilly,11599,48.945849,2.68836
Lower Normandy,Calvados,,Vire,11597,48.837781,-0.888482
Pays de la Loire,Mayenne,,Château-Gontier,11582,47.8267669,-0.7069
Île-de-France,Yvelines,,Aubergenville,11576,48.9591319,1.855891
Aquitaine Limousin Poitou-Charentes,Gironde,,Andernos-les-Bains,11575,44.743536,-1.102449
Île-de-France,Yvelines,,Triel-sur-Seine,11572,48.9817076,2.0054541
Brittany,Cotes-d'Armor,,Ploufragan,11569,48.488781,-2.794373
Rhone-Alpes,Savoie,,La Motte-Servolex,11563,45.596488,5.874111999999999
Upper Normandy,Seine-Maritime,,Bolbec,11551,49.575329,0.483881
Nord-Pas-de-Calais Picardie,Nord,,Saint-André-lez-Lille,11533,50.660979,3.047736
Normandy,Seine-Maritime,,Oissel,11505,49.339778,1.08978
Normandy,Calvados,,Ifs,11500,49.14025400000001,-0.350503
Languedoc-Roussillon Midi-Pyrénées,Aude,,Castelnaudary,11476,43.317118,1.95333
Île-de-France,Yvelines,,Voisins-le-Bretonneux,11464,48.7604611,2.0436886
Auvergne Rhône-Alpes,Rhône,,Brignais,11429,45.674944,4.7525639
Corsica,Corse-du-Sud,,Porto-Vecchio,11354,41.591369,9.278311
Nord-Pas-de-Calais Picardie,Nord,,Marly,11335,50.346445,3.547647
Île-de-France,Val-d'Oise,,Enghien-les-Bains,11332,48.9708759,2.3034849
Provence-Alpes-Côte d'Azur,Bouches-du-Rhone,,Auriol,11325,43.369174,5.631362999999999
Brittany,Finistere,,Le Relecq-Kerhuon,11323,48.406325,-4.392580000000001
Nord-Pas-de-Calais Picardie,Pas-de-Calais,,Saint-Martin-Boulogne,11323,50.7257419,1.630571
Alsace-Champagne-Ardenne-Lorraine,Haut-Rhin,,Guebwiller,11322,47.911586,7.209336
Provence-Alpes-Côte d'Azur,Var,,Solliès-Pont,11310,43.191199,6.041983999999999
Auvergne Rhône-Alpes,Puy-de-Dome,,Thiers,11308,45.857907,3.545177
Limousin,Haute-Vienne,,Saint-Junien,11301,45.88715999999999,0.9011650000000001
Île-de-France,Hauts-de-Seine,,Ville-d'Avray,11266,48.8270042,2.1886944
Midi-Pyrénées,Haute-Garonne,,Saint-Orens-de-Gameville,11243,43.551879,1.533877
Languedoc-Roussillon Midi-Pyrénées,Haute-Garonne,,Saint-Gaudens,11241,43.106895,0.7237629999999999
Lorraine,Moselle,,Maizières-lès-Metz,11233,49.2102519,6.160063999999999
Languedoc-Roussillon,Aude,,Lézignan-Corbières,11223,43.200503,2.7577759
Nord-Pas-de-Calais,Pas-de-Calais,,Longuenesse,11204,50.73674399999999,2.243632
Normandy,Eure,,Gisors,11201,49.279774,1.776579
Languedoc-Roussillon Midi-Pyrénées,Gard,,Vauvert,11195,43.692984,4.278326
Normandy,Seine-Maritime,,Maromme,11188,49.481859,1.044099
Auvergne Rhône-Alpes,Haute-Savoie,,La Roche-sur-Foron,11184,46.067072,6.312039
Pays de la Loire,Vendee,,Saint-Hilaire-de-Riez,11169,46.720204,-1.945917
Nord-Pas-de-Calais Picardie,Pas-de-Calais,,Étaples,11158,50.516087,1.63879
Auvergne Rhône-Alpes,Isere,,Le Pont-de-Claix,11133,45.123218,5.69782
Burgundy,Côte-d'Or,,Talant,11131,47.33665999999999,5.003666
Nord-Pas-de-Calais Picardie,Nord,,Saint-Saulve,11108,50.370729,3.554938
Nord-Pas-de-Calais Picardie,Oise,,Chantilly,11108,49.19316,2.4687389
Provence-Alpes-Côte d'Azur,Var,,Le Pradet,11074,43.106933,6.018687
Pays de la Loire,Sarthe,,Allonnes,11047,47.96889300000001,0.159363
Brittany,Ille-et-Vilaine,,Pacé,11044,48.14669800000001,-1.77276
Île-de-France,Seine-et-Marne,,Lieusaint,11033,48.63119500000001,2.551107
Alsace-Champagne-Ardenne-Lorraine,Bas-Rhin,,Hoenheim,11028,48.621085,7.7555
Auvergne Rhône-Alpes,Rhône,,Corbas,10968,45.6704717,4.8984124
Nord-Pas-de-Calais Picardie,Nord,,Douchy-les-Mines,10964,50.300531,3.388923
Rhone-Alpes,Haute-Savoie,,Passy,10958,45.923392,6.684919
Brittany,Cotes-d'Armor,,Dinan,10940,48.454366,-2.047327
Alsace-Champagne-Ardenne-Lorraine,Bas-Rhin,,Obernai,10932,48.46226,7.481679999999999
Provence-Alpes-Côte d'Azur,Var,,Vidauban,10928,43.426869,6.4316129
Auvergne Rhône-Alpes,Puy-de-Dome,,Beaumont,10926,45.754198,3.085606
Auvergne Rhône-Alpes,Ardeche,,Guilherand-Granges,10918,44.9293497,4.862761799999999
Alsace-Champagne-Ardenne-Lorraine,Bas-Rhin,,Erstein,10916,48.42353,7.66326
Auvergne Rhône-Alpes,Ain,,Gex,10893,46.3341909,6.058036
Centre,Indre-et-Loire,,Chambray-lès-Tours,10881,47.3376625,0.7013087
Nord-Pas-de-Calais Picardie,Pas-de-Calais,,Auchel,10863,50.50765,2.46916
Nord-Pas-de-Calais Picardie,Aisne,,Villers-Cotterêts,10797,49.255061,3.0908159
Aquitaine Limousin Poitou-Charentes,Pyrénées-Atlantiques,,Oloron-Sainte-Marie,10794,43.194413,-0.6052919999999999
Centre,Indre-et-Loire,,Montlouis-sur-Loire,10787,47.38826400000001,0.827383
Île-de-France,Seine-et-Marne,,Vaux-le-Pénil,10764,48.52543900000001,2.68411
Brittany,Morbihan,,Guidel,10760,47.79501699999999,-3.487062
Auvergne Rhône-Alpes,Rhône,,Tarare,10733,45.89676,4.433425
Brittany,Morbihan,,Saint-Avé,10728,47.68981,-2.73568
Provence-Alpes-Côte d'Azur,Bouches-du-Rhone,,Trets,10719,43.446909,5.684154899999999
Languedoc-Roussillon Midi-Pyrénées,Pyrénées-Orientales,,Saint-Cyprien,10716,42.61783,3.004182
Picardy,Oise,,Clermont,10714,49.376086,2.414202
Provence-Alpes-Côte d'Azur,Bouches-du-Rhone,,Septèmes-les-Vallons,10713,43.398686,5.368407899999999
Île-de-France,Essonne,,Arpajon,10707,48.589172,2.246237
Languedoc-Roussillon Midi-Pyrénées,Tarn,,Lavaur,10691,43.699185,1.820699
Auvergne Rhône-Alpes,Loire,,Riorges,10690,46.043248,4.044544999999999
Provence-Alpes-Côte d'Azur,Bouches-du-Rhone,,Plan-de-Cuques,10689,43.345989,5.462092000000001
Provence-Alpes-Côte d'Azur,Vaucluse,,Vedène,10661,43.974378,4.903105
Languedoc-Roussillon Midi-Pyrénées,Hérault,,Mèze,10642,43.4255939,3.606834
Nord-Pas-de-Calais Picardie,Pas-de-Calais,,Courrières,10639,50.458378,2.946283
Bourgogne Franche-Comté,Nievre,,Cosne-Cours-sur-Loire,10629,47.3824086,2.9252801
Brittany,Ille-et-Vilaine,,Betton,10608,48.182829,-1.643459
Provence-Alpes-Côte d'Azur,Var,,Cuers,10570,43.237875,6.072199899999999
Aquitaine Limousin Poitou-Charentes,Pyrénées-Atlantiques,,Orthez,10569,43.48755999999999,-0.7739279
Alsace-Champagne-Ardenne-Lorraine,Haut-Rhin,,Wittelsheim,10562,47.809194,7.240593000000001
Limousin,Haute-Vienne,,Panazol,10560,45.835537,1.306352
Auvergne Rhône-Alpes,Ardeche,,Tournon-sur-Rhône,10545,45.067915,4.832136999999999
Nord-Pas-de-Calais Picardie,Nord,,Aniche,10536,50.331488,3.251723
Pays de la Loire,Loire-Atlantique,,Pornichet,10531,47.263426,-2.340571
Auvergne Rhône-Alpes,Puy-de-Dome,,Pont-du-Château,10516,45.796936,3.2485909
Île-de-France,Essonne,,Épinay-sur-Orge,10499,48.672714,2.323859
Centre,Eure-et-Loir,,Nogent-le-Rotrou,10496,48.321762,0.8217759
Aquitaine Limousin Poitou-Charentes,Gironde,,Saint-André-de-Cubzac,10495,44.99456,-0.445865
Burgundy,Côte-d'Or,,Chevigny-Saint-Sauveur,10486,47.302245,5.139997999999999
Nord-Pas-de-Calais Picardie,Pas-de-Calais,,Marck,10481,50.948544,1.94779
Aquitaine Limousin Poitou-Charentes,Gironde,,Arcachon,10476,44.652297,-1.1785016
Auvergne Rhône-Alpes,Rhône,,Craponne,10466,45.746821,4.7249169
Brittany,Ille-et-Vilaine,,Chantepie,10410,48.089126,-1.618455
Auvergne,Puy-de-Dome,,Gerzat,10404,45.8243889,3.143508
Languedoc-Roussillon Midi-Pyrénées,Gard,,Pont-Saint-Esprit,10393,44.261034,4.648079
Centre,Eure-et-Loir,,Mainvilliers,10368,48.44921,1.464086
Provence-Alpes-Côte d'Azur,Hautes-Alpes,,Saint-Jean,10358,44.424599,5.701299
Franche-Comté,Jura,,Saint-Claude,10346,46.387405,5.867765899999999
Île-de-France,Essonne,,Villebon-sur-Yvette,10344,48.6964029,2.236654
Île-de-France,Essonne,,Dourdan,10342,48.529171,2.0152549
Normandy,Seine-Maritime,,Déville-lès-Rouen,10309,49.469956,1.049907
Nord-Pas-de-Calais Picardie,Nord,,Neuville-en-Ferrain,10294,50.75203399999999,3.155492
Centre,Indre-et-Loire,,La Riche,10276,47.388309,0.658258
Upper Normandy,Eure,,Bernay,10275,49.08932799999999,0.597811
Bourgogne Franche-Comté,Doubs,,Valentigney,10264,47.4614199,6.837516
Nord-Pas-de-Calais,Nord,,Annoeullin,10246,50.529722,2.931557
Centre,Cher,,Saint-Amand-Montrond,10238,46.7254859,2.505604
Alsace-Champagne-Ardenne-Lorraine,Moselle,,Amnéville,10235,49.2599469,6.142912
Provence-Alpes-Côte d'Azur,Alpes-Maritimes,,La Trinité,10232,43.742043,7.313962999999999
Île-de-France,Essonne,,Igny,10228,48.73753,2.2228629
Nord-Pas-de-Calais,Pas-de-Calais,,Montigny-en-Gohelle,10227,50.428189,2.9270679
Île-de-France,Seine-Saint-Denis,,Dugny,10216,48.95217900000001,2.416983
Poitou-Charentes,Deux-Sevres,,Parthenay,10204,46.648825,-0.251441
Nord-Pas-de-Calais Picardie,Nord,,Marquette-lez-Lille,10196,50.674339,3.062324
Centre,Indre-et-Loire,,Fondettes,10193,47.404813,0.5999709999999999
Pays de la Loire,Loire-Atlantique,,Pontchâteau,10191,47.436929,-2.089536
Nord-Pas-de-Calais,Pas-de-Calais,,Lillers,10184,50.564129,2.4806309
Alsace-Champagne-Ardenne-Lorraine,Aube,,Sainte-Savine,10183,48.293191,4.056495
Provence-Alpes-Côte d'Azur,Var,,Le Luc,10183,43.39450900000001,6.313233899999999
Languedoc-Roussillon Midi-Pyrénées,Aude,,Limoux,10166,43.053289,2.218142
Normandy,Seine-Maritime,,Caudebec-lès-Elbeuf,10154,49.283282,1.018033
Auvergne Rhône-Alpes,Drome,,Bourg-de-Péage,10137,45.040419,5.050948
Auvergne Rhône-Alpes,Rhône,,Pierre-Bénite,10132,45.703204,4.824650999999999
Provence-Alpes-Côte d'Azur,Vaucluse,,Pernes-les-Fontaines,10121,43.9984783,5.0549027
Languedoc-Roussillon Midi-Pyrénées,Tarn,,Mazamet,10118,43.490103,2.376579
Alsace-Champagne-Ardenne-Lorraine,Bas-Rhin,,Brumath,10094,48.730702,7.708784
Rhone-Alpes,Loire,,Roche-la-Molière,10093,45.433013,4.322825
Centre,Loiret,,La Chapelle-Saint-Mesmin,10078,47.88727400000001,1.84021
Picardy,Somme,,Albert,10054,50.001357,2.651604
Auvergne Rhône-Alpes,Isere,,Eybens,10048,45.147713,5.750144
Champagne-Ardenne,Marne,,Tinqueux,10023,49.247224,3.999441999999999
Île-de-France,Val-de-Marne,,Ormesson-sur-Marne,10016,48.785694,2.541046
Provence-Alpes-Côte d'Azur,Alpes-Maritimes,,Biot,10015,43.62685099999999,7.09808
Île-de-France,Yvelines,,Chanteloup-les-Vignes,10013,48.97882500000001,2.030051
Alsace-Champagne-Ardenne-Lorraine,Moselle,,Rombas,10002,49.251254,6.093351999999999
Aquitaine Limousin Poitou-Charentes,Pyrénées-Atlantiques,,Lescar,9993,43.333177,-0.434402
Île-de-France,Yvelines,,Croissy-sur-Seine,9990,48.878426,2.142746
